SMILES,BA_predicted,LogP,QED,TPSA,MW,HBD,HBA,RotBonds
CCOc1ccc(-c2ccccc2-c2ccc(S(=O)(=O)c3ccc(N4Cc5ccc(N(=O)=O)cc5C4=O)cc3)cc2)cc1,-8.9725,7.321,0.138,106.82,590.66,0,6,8
CCCCC(C)C(=O)NCc1cccc(C(=O)c2ccc(-c3ccc(C4OC(=O)C4c4ccc(C(C)=O)cc4)cc3)cc2)c1,-8.9158,7.611,0.136,89.54,587.72,1,5,12
NC1Cc2cn(Cc3ccccc3)cc2C(c2ccc(S(=O)(=O)c3ccc(C(=O)c4ccc(C(=O)Nc5ccc(Cl)c(Cl)c5)cc4)cc3)cc2)C1,-8.9053,8.565,0.145,111.26,734.71,2,5,9
COc1ccc2nc(-c3ccc(C(C)=O)cc3)c3ccc(cc3n2)c1C(=O)c1ccccc1,-8.879,5.767,0.375,69.15,432.48,0,5,5
CCOC(=O)c1ccc(S(=O)(=O)C2OC(=O)c3cccc(Oc4ccc(C(=O)c5ccc(c6cccc7ccccc76)cc5)cc4)c3C2C(=O)NCc2ccccc2)cc1,-8.8584,9.077,0.094,142.14,815.9,1,9,12
COc1ccccc1NC(Cc1cccc(-c2ccc(S(=O)(=O)c3ccc(C(=S)OCCCN4C(=O)c5ccccc5N=C4c4ccc(-c5ccccc5)cc4)cc3)cc2)c1)C(=O)C1CCCCC1,-8.8365,12.194,0.07,116.59,952.21,1,9,17
Cc1cc(S(=O)(=O)c2ccc(C(=O)c3ccccc3)cc2)ccc1-c1ccc(S(=O)(=O)c2ccc(C(=O)c3cccc(-c4nc(N(=O)=O)ccc4Cl)c3)cc2)cc1,-8.8207,9.413,0.07,158.45,813.31,0,9,11
COCc1cc(C(=O)c2ccccc2)cc(C(=O)c2ccc(S(=O)(=O)c3ccc(-c4ccc(C(=N)c5ccc6c(c5)C(C(C)C)=CC(=O)O6)cc4)cc3)cc2)c1OC,-8.791,9.449,0.069,140.8,789.91,1,9,13
COc1cc(S(=O)(=O)c2ccc(-n3nnnc3C(N)c3ccccc3)cc2)ccc1OCC(=O)Nc1cccc(C(=O)c2ccc(-c3cccc(N(=O)=O)c3)cc2)c1,-8.7246,6.376,0.07,211.53,795.83,2,12,14
NS(=O)(=O)c1ccc(C(=O)c2ccc(-c3ccc(C(=O)c4ccccc4CSc4nc(S(=O)(=O)c5ccccc5)ccc4C(=O)Nc4ccccc4)cc3)cc2)cc1,-8.6835,8.235,0.086,170.43,823.97,2,9,13
CC(=O)CCCc1ccc(S(=O)(=O)c2ccc(S(=O)(=O)c3ccc(-c4ccc(C(=O)c5ccc(C(=O)c6ccc(-c7ccccc7C)cc6)cc5)cc4)cc3)cc2)cc1,-8.6825,10.368,0.1,119.49,817.0,0,7,14
COc1ccc(C(=O)c2ccc(NS(=O)(=O)c3ccc(C(=O)c4ccc5c(c4)C(=O)C(=NN(C(=O)O)c4ccccc4)C5c4ccc(OC)cc4)cc3)cc2)cc1,-8.669,7.835,0.093,168.74,779.83,2,9,12
O=C(NCc1ccccc1C(=O)Nc1ccc(C(=O)c2cccc(S(=O)(=O)c3ccc(S(=O)(=O)c4ccc(-c5ccccc5)cc4)cc3)c2)cc1)c1cccc(-c2ccccc2)c1,-8.6622,10.099,0.11,143.55,867.02,2,7,13
O=C(O)c1ccc(C2=Nc3ccccc3C(=O)N2Cc2ccc(-c3ccc(C(=O)c4ccc(N5CCCC5=O)cc4)cc3)cc2)cc1,-8.6482,6.835,0.187,109.57,619.68,1,5,8
Cc1ccc(S(=O)(=O)c2ccccc2C(=O)c2ccc(C(=O)c3cc(C(=O)c4cccc(C(=O)Nc5ccc(Cc6ccc(Cl)cc6)cc5)c4)ccc3NC(=O)c3ccccc3)cc2)cc1,-8.6475,11.27,0.103,143.55,907.44,2,7,14
CSc1cccc(-c2ccc(C(=O)c3ccc(C(=O)c4ccc(S(=O)(=O)N5CCC(C(c6ccccc6)c6ccccc6)CC5)cc4)cc3)cc2)c1,-8.6422,9.77,0.098,71.52,721.94,0,5,11
COc1ccc(C2c3ccccc3C(=O)N2c2ccc(C(=O)c3ccc(S(=O)(=O)c4ccc(S(=O)(=O)c5ccccc5)cc4)cc3)cc2)cc1,-8.6306,7.342,0.145,114.89,699.81,0,7,9
COc1cccc(-c2ccc(C3CC(c4ccc(C5=C(O)C(=O)Nc6ccccc65)cc4)N(Cc4ccc(C(C)=O)cc4)C3=O)cc2)c1,-8.6238,8.036,0.165,99.7,634.73,2,5,8
Cc1cc2cc(C(=O)CCOc3ccc(-c4ccc(C5CC(c6cccc(C(C)(C)C)c6)=NN5C(=O)c5ccccc5Br)cc4)cc3)ccc2cc1Cc1ccccc1,-8.6235,13.109,0.122,58.97,839.87,0,4,11
CC(=O)Oc1ccc(C(=O)c2ccc(C(=O)c3cccc(S(=O)(=O)c4ccc(S(=O)(=O)c5cccc(C(=O)c6ccccc6C(=O)c6ccccc6)c5)cc4)c3)cc2)cc1,-8.6184,8.202,0.063,162.86,832.91,0,10,13
CC1=C(c2ccc(S(=O)(=O)c3ccc(C(=O)c4ccc(NS(=O)(=O)c5ccccc5)cc4)cc3)cc2)C(c2ccc(C)cc2)c2ccccc21,-8.6072,8.936,0.152,97.38,695.86,1,5,9
CCN(CC(=O)c1ccc(N(=O)=O)cc1)c1ccc(S(=O)(=O)c2ccc(-c3nnc(-c4ccc(S(=O)(=O)c5ccccc5)cc4)o3)cc2)cc1,-8.604,6.687,0.075,170.65,708.77,0,11,12
Cc1cccc(N2C(=O)COC(=O)C2=Cc2cccc(C(=O)c3cccc(-c4ccc(C(C)(C)C)cc4)c3)c2)c1,-8.5996,7.121,0.157,63.68,529.64,0,4,5
CC1(C)CC(=O)C=C(c2ccc(-c3ccc(C(=O)c4cccc(-c5ccc(-c6ccc(S(=O)(=O)NCCC(=O)OC(c7ccccc7)c7ccccc7)cc6)cc5)c4)cc3)cc2)C1,-8.5914,11.692,0.086,106.61,850.05,1,6,14
COc1cccc(S(=O)(=O)c2ccc(C(=O)Nc3ccc(S(=O)(=O)c4ccc(-c5ccc(C(=O)c6cccc(C(=O)c7ccccc7)c6)cc5)cc4)cc3)cc2)c1,-8.59,8.742,0.121,140.75,791.9,1,8,12
Cc1ccc(C(=O)c2ccc(S(=O)(=O)c3ccc(C(=O)Cc4cc(C(=O)c5ccc(NC(=O)C=Cc6ccc7ccccc7n6)cc5)ccc4C)cc3)cc2)cc1,-8.5849,9.224,0.097,127.34,768.89,1,7,12
O=C(CN1C(=O)N=C(c2ccccc2)C=C1c1ccccc1)c1ccc(S(=O)(=O)c2ccc(-c3ccc(C(=O)Nc4ccccc4)cc3)cc2)cc1,-8.5841,8.212,0.144,115.2,701.8,1,6,10
O=C1CC(c2ccc(C(=O)Cc3ccccc3)cc2)c2ccc(c3cccc(C(=O)NCCNc4ncccc4SCc4ccccc4)c3)cc2O1,-8.5781,8.749,0.041,97.39,703.86,2,7,13
O=C(c1ccccc1)c1ccc(S(=O)(=O)c2ccc(S(=O)(=O)c3ccc(NS(=O)(=O)c4ccc(C(C(=O)Cc5ccccc5)C(=O)c5ccccc5)cc4)cc3)cc2)cc1,-8.5612,8.162,0.079,165.66,854.0,1,9,15
O=C(NC1CCCCC1)c1ccc(S(=O)(=O)c2ccc(C3=Nc4ccccc4C(=O)N3N=Cc3ccc(-c4cc(-c5ccncc5)ncc4C(=O)c4ccccc4)cc3)cc2)cc1,-8.5445,9.196,0.1,153.34,848.99,1,9,11
COc1cc(C2C(=O)c3ccccc3Nc3cc(C(=O)c4ccccc4)ccc32)ccc1Nc1cnccc1-c1ccc(-c2ccnc(C(=O)O)c2)cc1,-8.5391,9.564,0.126,130.51,708.77,3,8,9
COc1ccc(S(=O)(=O)c2ccc(C(=O)n3cc(-c4ccc(C5=NN(S(=O)(=O)c6ccccc6)C(c6ccccc6)=C5)cc4)c4ccccc43)cc2)cc1,-8.5381,8.606,0.145,117.33,749.87,0,7,9
CC=CC=CC(=O)c1ccc(S(=O)(=O)c2ccc(C(=O)c3cc(N4C(=O)C=C(c5ccc(F)cc5)C4=O)ccc3OC)cc2)cc1,-8.5345,6.17,0.089,114.89,635.67,0,7,10
O=C(NCc1nccc(-c2ccccc2)n1)c1cccc(-c2ccc(S(=O)(=O)c3cccc(-c4ccc(C(=O)c5cccc(N(=O)=O)c5)cc4)c3)cc2)c1,-8.5342,8.38,0.079,149.23,730.8,1,8,11
O=C(C=Cc1ccccc1)c1cccc(S(=O)(=O)c2ccc(-c3ccc(COc4ccc(c5cccc(C(=O)Nc6ccccc6)c5)cc4C(=O)O)cc3)c(S(=O)(=O)c3ccccc3)c2)c1,-8.5321,11.112,0.075,160.98,910.04,2,8,15
COc1ccc(S(=O)(=O)c2ccc(Cc3cccc(-c4ccc(-c5cccc(-c6ccc(C=Cc7ncccc7C(=O)c7ccc(NC(=O)Cc8cccn8C)cc7)cc6)c5)cc4)c3)cc2)cc1,-8.5285,12.436,0.103,107.36,910.11,1,6,15
CCCCCCCCCCCCCCCCCC(=O)Oc1ccc(C(=O)c2cccc(S(=O)(=O)c3ccc(C(C=Cc4ccccc4)c4ccccc4)cc3)c2)cc1,-8.5259,13.763,0.025,77.51,797.11,0,5,25
CC(=O)c1ccc(-c2cc(-c3ccc(C(=O)C=Cc4ccc(C(=O)Nc5ccccc5)cc4)cc3)c3ccccc3c2)cc1,-8.5127,9.525,0.146,63.24,571.68,1,3,8
Cc1ccc(C2CC(c3ccc(S(=O)(=O)c4ccc(-c5ccc(S(N)(=O)=O)cc5)cc4)cc3)=Nc3ccccc32)cc1,-8.5071,6.799,0.234,106.66,592.74,1,5,6
CC(=O)N1CCc2cc(S(=O)(=O)c3ccc(-c4ccc(S(=O)(=O)c5ccc(N=NN6C(=O)N=C(c7ccccc7)N(Cc7cccc(Cl)c7Cl)C6=O)cc5)cc4)cc3)ccc21,-8.4965,8.216,0.124,170.2,891.82,0,10,10
COc1cc(S(=O)(=O)c2ccc(C(=O)c3ccc(C(=O)C4(c5ccccc5)CCCC4)cc3)cc2)ccc1-c1ccccc1,-8.4962,8.121,0.16,77.51,600.74,0,5,9
CCc1ccccc1-c1ccc(-c2ccc(-c3ccc(-c4cccc(C(=O)c5ccc(C(=O)O)cc5)c4)nn3)c(C(=O)Nc3ccccc3)c2)cc1,-8.4847,9.889,0.139,109.25,679.78,2,5,10
CCOc1ccc(S(=O)(=O)c2ccc(N3C(=O)c4ccc(S(=O)(=O)c5ccc(C)cc5)cc4C3COc3ccc(C(=O)c4ccccc4)cc3)cc2)cc1,-8.4744,8.071,0.115,124.12,757.89,0,8,12
COc1ccc(C2c3ccccc3C(=O)C2c2ccc(Cl)cc2C(=O)c2ccc(S(=O)(=O)c3cccc(C(=O)Nc4ccc(S(=O)(=O)c5ccccc5)cc4)c3)cc2)cc1OC,-8.4726,9.618,0.118,149.98,882.41,1,9,12
CCc1cccc(C2CC(c3ccc(S(=O)(=O)c4cccc(N(=O)=O)c4)cc3)=NN2C(=O)c2cccc(N(=O)=O)c2)c1,-8.4692,5.89,0.185,153.09,584.61,0,8,8
Cc1ccc(C(=O)c2cccc(S(=O)(=O)c3cccc(N4C(=O)C(c5ccccc5)Cc5ccccc54)c3)c2)cc1,-8.4671,7.063,0.21,71.52,557.67,0,4,6
Cc1ccc(S(=O)(=O)c2ccc(S(=O)(=O)c3sccc3C(=O)c3cccc(C(=O)c4ccc(C(c5ccccc5)c5ccccc5)cc4)c3)cc2)cc1,-8.464,9.364,0.096,102.42,752.94,0,7,11
NC(=O)CCCCCNC(=O)c1ccc(C(=O)Oc2ccccc2Cc2ccc(S(=O)(=O)c3ccc(-c4cccc(-c5ccccc5)c4)cc3)cc2)cc1,-8.4543,8.439,0.062,132.63,736.89,2,6,15
CC(=O)c1ccc(S(=O)(=O)c2ccc(C(=O)Nc3ccc(Oc4ccc(F)cc4)cc3-c3ccc(S(=O)(=O)c4ccc(S(=O)(=O)c5ccc(C(C)C)cc5)cc4)cc3)cc2)cc1,-8.4486,10.362,0.111,157.82,888.03,1,9,13
CCc1ccc(-c2cccc(C(=O)CS(=O)c3ccc(C(=O)c4cccc(-c5ccccc5C(=O)c5ccc(S(=O)(=O)c6ccc(S(=O)(=O)N7CCCC7)cc6)cc5)c4)cc3)c2)cc1,-8.4438,9.653,0.093,139.8,906.12,0,8,15
CCOC(=O)c1ccc(-c2ccc(C3=NN(c4ccc(C(C)=O)cc4)C(C(=O)c4ccccc4Cl)C3c3ccc(OC)c(c4ccc(-c5ccccc5)cc4)c3)cc2)cc1,-8.4427,11.988,0.09,85.27,809.36,0,7,12
COc1ccc(-c2c(OCC(O)COC(=O)c3ccc(-c4ccc(C(C)=O)cc4)cc3)cc3ccc(c4ccc(S(=O)(=O)c5cccc(S(C)(=O)=O)c5)cc4)cc3c2C)cc1,-8.4398,9.193,0.083,150.34,855.0,1,10,14
O=C(O)c1cccc(N2CC(c3ccc(-c4cccc(S(=O)(=O)c5ccc(C(=O)c6cccc(C(=O)c7cccnc7)c6)cc5)c4)cc3)CC2=O)c1,-8.4386,7.262,0.147,138.78,706.78,1,7,10
CCc1cc(S(=O)(=O)c2ccc(C3=COc4ccc(C(=O)c5ccccc5)cc4C3=O)cc2)ccc1OCc1cccc(C(=O)c2cccc(C)c2)c1,-8.4354,9.205,0.123,107.72,718.83,0,7,11
CCOc1ccc(-c2ccc(S(=O)(=O)c3ccccc3C(=O)C(=O)Nc3cccc(C(=O)c4ccc(N(=O)=O)cc4)c3)cc2)cc1,-8.4349,6.546,0.074,149.75,634.67,1,8,11
CC(=O)c1cccc(-c2ncnc(-c3cccc(C(=O)C=Cc4ccc(S(=O)(=O)c5ccc(C(=O)c6ccccc6)cc5)cc4)c3)n2)c1,-8.4322,7.368,0.111,124.02,649.73,0,8,10
CCCCOc1ccc(S(=O)(=O)c2ccc(C(=O)C=Cc3ccc4nc(C(=O)OCc5ccc(OC(=O)O)cc5)c(Cc5ccccc5)n4c3)cc2)cc1,-8.4266,8.247,0.036,150.57,744.82,1,9,15
CC(=O)c1ccc(-c2ccc(S(=O)(=O)c3ccc(N4N=C(c5ccc(S(=O)(=O)c6ccccc6Cl)cc5)CC4c4ccccc4)cc3)cc2)cc1,-8.4256,9.231,0.138,100.95,731.3,0,7,9
COc1ccc(C(=O)c2cccc(S(=O)(=O)c3ccc(C(=O)COc4cccc(-c5ccc(S(=O)(=O)c6ccc(N(=O)=O)cc6)cc5)c4)cc3)c2)cc1,-8.4215,7.429,0.066,164.02,747.8,0,10,13
CCc1ccc(S(=O)(=O)c2cccc(S(=O)(=O)c3ccc(C4=NC(=O)c5cc(C(=O)c6ccccc6C)ccc5C4)cc3)c2)cc1,-8.4188,6.64,0.175,114.78,647.77,0,6,8
CCOC(=O)c1cc2cc(C(=O)c3ccccc3)ccc2cc1C(=O)C(=O)c1ccc(C=Cc2ccccc2)cc1C,-8.4187,7.792,0.081,77.51,552.63,0,5,9
CC(=O)c1ccc(S(=O)(=O)c2ccc(C(=O)c3ccc(Cn4cc(C(=O)N5CCN(c6cccc(-c7ccccc7)c6)CC5)nn4)cc3Cl)cc2)cc1,-8.4187,6.876,0.139,122.54,744.27,0,8,10
COc1ccc(S(=O)(=O)c2ccc(C(=O)c3ccccc3C=Cc3ccc(CCc4ccc(C(C)=O)cc4)cc3)cc2)cc1,-8.4163,7.917,0.114,77.51,600.74,0,5,11
COc1ccc(-c2ccc(C(=O)c3ccc(S(=O)(=O)c4ccc(-c5nc(C)cc(C(c6ccccc6)c6ccccc6)c5C(=O)c5ccc(S(C)(=O)=O)cc5)cc4F)cc3)cc2)cc1,-8.4155,10.75,0.105,124.54,886.04,0,8,13
O=C(O)C=Cc1ccc(c2cccc(C(=O)Oc3ccc(S(=O)(=O)c4ccccc4C(=O)c4ccccc4)cc3)c2)cc1N(=O)=O,-8.4103,6.643,0.044,157.95,633.63,1,8,10
O=C(Nc1ccc2cc(S(=O)(=O)c3cc4ccccc4c(-c4ccc(CCc5ccccc5)cc4)n3)ccc2c1)c1ccc(N(=O)=O)cc1,-8.4097,8.834,0.122,119.27,663.76,1,6,9
COc1ccc(S(=O)(=O)c2ccc(-c3ccc(S(=O)(=O)c4ccc(C(=O)C5=COc6ccccc6N5C(=O)c5ccc(S(=O)(=O)c6ccccc6)cc5)cc4)cc3)cc2)cc1,-8.4094,8.624,0.115,158.26,867.98,0,10,11
Cn1cc(C(=O)c2ccc(C(=O)c3ccc(S(=O)(=O)c4ccccc4)cc3)cc2)cc1C=CC(=O)c1ccc(S(=O)(=O)c2ccccc2)cc1,-8.408,7.049,0.105,124.42,699.81,0,7,11
NS(=O)(=O)c1ccc(N2CCN(S(=O)(=O)c3ccc(-c4ccc(-c5ccc(C(=O)c6ccc(NC(=O)Nc7ccccc7Cl)cc6)cc5)cc4)cc3)CC2)cc1,-8.4057,7.707,0.12,158.98,806.37,3,7,10
CCC(CC)C(=O)c1ccc(-c2ccc(S(=O)(=O)c3ccc(S(=O)(=O)c4ccc(C(=O)COc5ccc(-c6ccccc6C(=O)O)cc5)cc4C)cc3)cc2)cc1,-8.3928,9.573,0.1,148.95,800.95,1,8,15
CCCCCC(=O)c1cc(C(Cc2ccccc2)C(=O)Nc2ccccc2C(=O)c2cccc(-c3cccc(C(=O)c4ccccc4)c3)c2)ccc1O,-8.3873,10.249,0.082,100.54,699.85,2,5,15
CNS(=O)(=O)c1cccc(-c2ccc(C3=C(Sc4ccccc4F)c4ccccc4C(O)=C3C(=N)c3ccc(NS(=O)(=O)c4ccc(S(=O)(=O)c5ccc(OC)cc5)cc4)cc3)cc2)c1,-8.3865,10.136,0.077,179.79,944.12,4,10,14
Cc1ccc(C(=O)c2ccc(S(=O)(=O)c3ccc(C(=O)c4ccc(C5CCCO5)cc4)cc3)cc2)cc1S(=O)(=O)c1ccc(NCc2ccccc2)cc1,-8.3754,8.586,0.123,123.68,755.91,1,8,12
O=C(NCc1ccc[n+](c2ccccc2)c1)c1ccc(-c2ccc(S(=O)(=O)c3ccc(C(=O)c4ccc(N(=O)=O)cc4)cc3)cc2)cc1,-8.3729,6.532,0.077,127.33,654.72,1,6,10
Cc1cc(S(=O)(=O)c2ccc(-c3cc(C(=O)c4ccccc4)ccc3OCc3ccccc3)cc2)ccc1N=Nc1ccc(S(=O)(=O)c2ccc(N3CCN(C(=O)C(C)C)CC3)cn2)cc1,-8.3728,10.253,0.077,155.74,918.11,0,11,14
O=C(CNC(=O)c1ccc(-c2cccc(S(=O)(=O)c3ccccc3)c2)cc1)c1ccc(N2CCNCC2)c(-c2ccc(C(=O)C(=Cc3ccccc3)c3ccc4ccccc4c3)cc2)c1,-8.3669,10.452,0.067,112.65,872.06,2,7,13
CC(=O)c1ccc(-c2cc(C(=O)c3ccc4ccccc4c3)ccc2S(=O)(=O)N2CCN(C(=O)C=Cc3ccccc3)CC2)cc1,-8.3653,6.487,0.145,91.83,628.75,0,5,8
Cc1cc(C=CC(=O)c2ccccc2C(=O)O)ccc1SCC(=O)Nc1cccc(C(=O)c2ccc(-c3ccc(S(=O)(=O)N(=O)=O)cc3)cc2)c1,-8.3642,7.184,0.042,177.82,720.78,2,9,13
CCC(=O)c1ccc1C(=O)c1ccc(C2=CC(=O)c3ccccc3N=C2SCC(=O)Nc2cc3c(cn2)C(C(=O)c2ccc(S(C)(=O)=O)cc2)c2ccccc2C3=O)cc1,-8.3615,7.379,0.096,174.37,831.93,1,11,12
CC(=O)c1cc(c2ccccc2)ccc1Oc1ccc(S(=O)(=O)c2ccc(C(=O)c3ccN(C(=O)c4ccccc4)Cc(S(C)(=O)=O)cc3)cc2)cc1Br,-8.355,8.651,0.128,131.96,822.76,0,8,10
COc1ccc2c(c1)C(=O)c1ccccc1-c1cccc(c1)C(c1ccc(C(=O)c3ccc(-c4ccccc4)cc3)cc1)=C(C)C2=O,-8.3533,9.509,0.182,60.44,610.71,0,4,5
COc1ccccc1C(=O)c1ccccc1C(=O)c1ccc(S(=O)(=O)c2ccc(C(=O)C=Cc3ccc(S(C)(=O)=O)cc3)cc2)cc1,-8.3501,6.29,0.119,128.72,664.76,0,8,11
CCc1cc(C(C)=O)c(OC)cc1C(=O)c1ccc(S(=O)(=O)c2ccc(S(=O)(=O)c3ccc(S(=O)(=O)c4ccc(C(O)CC)cc4)cc3)cc2)cc1,-8.3295,6.633,0.129,166.02,760.91,1,10,13
CCn1nnnc1C(=O)c1ccc(C(=O)c2ccc(C(=O)Nc3ccc(S(=O)(=O)c4ccc(S(C)(=O)=O)cc4)cc3)cc2)cc1,-8.3283,3.644,0.221,175.12,643.7,1,10,10
O=C(Cn1cc(-c2ccccc2)cn1)c1ccc(C(=O)c2ccc(S(=O)(=O)c3cccc(C(=O)c4ccccc4)c3)cc2)cc1,-8.3269,6.728,0.159,103.17,610.69,0,6,10
Cc1ccccc1-c1cccc(-c2ccc(C(=O)c3ccc(OCCOc4ccc(C(=O)c5ccc(Cl)cc5Cl)cc4)c(-c4ccc(C(=O)O)cc4)c3)cc2)c1,-8.3268,11.921,0.093,89.9,777.7,1,5,13
CCOC(=O)c1cccc(N2C(=O)c3ccccc3SC2c2ccc(OC)cc2Oc2ccccc2OC(=O)c2ccc(N(=O)=O)cc2)c1,-8.3267,8.243,0.062,134.51,676.7,0,10,10
CCCCCCCCCCCCCCCC(=O)Oc1ccc(-c2ccc(S(=O)(=O)c3ccc4ccccc4c3-c3ccccc3C#N)cc2)cc1,-8.325,12.265,0.049,84.23,699.96,0,5,19
COc1ccc(N2C(=O)CCc3cc(S(=O)(=O)c4ccc(C(=O)c5cc(S(=O)(=O)c6ccccc6)ccc5OCC(=O)C(=O)c5ccccc5)cc4)ccc32)cc1,-8.3247,7.034,0.088,158.26,799.88,0,10,13
Cc1cccc(C(=O)c2ccc(C(=O)c3ccc(S(=O)(=O)c4ccc(C(=O)C5CC(c6ccc(NC(=O)c7cc(C(F)(F)F)ccc7Cl)cc6)=NO5)cc4)cc3)cc2)c1,-8.3165,9.59,0.128,136.04,835.26,1,8,11
Cc1ccc(C(Cc2ccc(S(=O)(=O)c3ccc(C(=O)c4ccccc4)c(C)c3)cc2)N2C(=O)c3ccccc3C2=O)cc1,-8.3139,6.947,0.142,88.59,599.71,0,5,8
CC(=O)c1cc(C(=O)c2ccc(N3CCC3)nc2)ccc1NC(=O)C(=O)c1ccc(S(=O)(=O)c2nnc(Sc3ccccc3)nc2-c2ccccc2)cc1,-8.313,6.383,0.108,169.25,754.85,1,12,12
O=C(Nc1ccccc1)c1ccc(NC(=O)c2ccc(-c3ccc(C(=O)c4ccc(C5Cc6ccccc6CC(O)C5)cc4)cc3)cc2S(=O)(=O)c2ccccc2)cc1,-8.312,9.555,0.093,129.64,796.95,3,6,10
Cc1ccc(C(=O)Cs2cnc(-c3ccc(S(=O)(=O)c4ccc(C(Cc5ccc(S(C)(=O)=O)cc5)c5ccccc5)cc4)cc3)cn2)cc1,-8.3098,7.306,0.106,110.07,706.91,0,7,11
CC(=O)c1ccc(-c2ccc(S(=O)(=O)c3ccc(S(=O)(=O)c4ccc(C(=O)c5cccc(S(=O)(=O)c6cnccc6C(=O)Nc6ccccc6-n6cncn6)c5)cc4)cc3)cc2)cc1,-8.3003,7.514,0.111,209.26,908.01,1,12,13
O=C(c1ccc(S(=O)(=O)c2ccc3c(c2)C(=O)N(CCOCc2ccccc2)C3=O)cc1)c1ccccc1Oc1ccc(S(=O)(=O)c2ccccc2)cc1,-8.299,7.188,0.068,141.19,757.84,0,9,13
COc1cccc(-c2ccc(S(=O)(=O)c3ccc(C4=NN(CC(=O)c5ccccc5C)C4=O)cc3)cc2)c1,-8.2957,4.933,0.305,93.11,524.6,0,6,8
Cc1cccc(NC(=O)c2cccc(S(=O)(=O)c3cccc(C(=O)c4ccc(-c5ccc(C(=O)Nc6ccc(-c7ccccc7)cc6)cc5)cc4)c3)c2)c1,-8.2952,9.897,0.136,109.41,726.85,2,5,10
COc1cc(c2ccc(C(N)=O)cc2NC(=O)c2ccc(C(=N)N)cc2)cc(C(=O)c2ccc(-c3ccc(S(=O)(=O)NCC(O)COc4cccc5ccccc45)cc3)cc2)c1O,-8.2952,6.472,0.032,244.22,863.95,7,10,16
Cc1cc(C(=O)c2ccc(-c3ccccc3)cc2)cc(S(=O)(=O)c2ccc(C(=S)NN=Cc3ccc(-c4ccccc4)cc3)cc2)c1,-8.282,8.692,0.073,75.6,650.83,1,5,9
Cc1ccccc1-c1nc2ccccc2n1Cc1cc(C(=O)c2ccccc2)ccc1OCc1ccc(C(=O)Nc2ccccc2)cc1,-8.2814,9.122,0.154,73.22,627.74,1,4,10
Cc1ccc(C(=O)c2ccc(-c3ccc(S(=O)(=O)c4cccc(NS(=O)(=O)c5cccc(C(=O)c6ccccc6)c5)c4Cl)cc3)cc2)cc1CCC(=O)O,-8.2797,8.428,0.111,151.75,778.3,2,7,13
Cc1cccc(S(=O)(=O)c2ccc(S(=O)(=O)c3ccccc3NC(=O)c3cccc(S(=O)(=O)c4ccc(C(=O)c5ccc(S(=O)(=O)c6ccccc6Cl)cc5)cc4)c3)cc2)c1C,-8.2745,8.771,0.116,182.73,924.5,1,10,12
COc1ccc(S(=O)(=O)c2ccc(C(=O)Cc3ccc(C(=O)c4ccc(N5CCN(C(=O)c6cccc(S(=O)(=O)c7ccc(C)cc7)c6)CC5)cc4)cc3)cc2)cc1,-8.2703,7.288,0.117,135.2,812.97,0,9,12
CCCCCCc1ccc(C(=O)c2ccc(S(=O)(=O)c3ccc(-c4ccc(C5=Nc6c(ccnc6-c6ccccc6)O5)cc4)cc3)cc2)cc1,-8.2663,10.41,0.095,90.13,676.84,0,6,12
CCOC(=O)c1ccc(C(=O)CC(=O)c2ccc(S(=O)(=O)c3ccc(C(=O)c4cccc(C(=O)c5ccccc5)c4)cc3)cc2)cc1,-8.2591,6.614,0.084,128.72,644.7,0,8,12
Cc1cccc(C2=NNC(S(=O)(=O)c3cccc(C(=O)c4cccc(C(=O)Oc5ccccc5)c4)c3)=C2C(=O)C(=O)c2cccs2)c1,-8.2569,6.795,0.073,140.33,660.73,1,9,10
COc1cccc(-c2ccc(C(=O)c3cccc(-c4cccc(C(=O)c5ccc(S(=O)(=O)c6ccc(-c7nc(CCC(=O)NCCCN8CCCC8)ccc7C)cc6)cc5)c4)c3)cc2)c1,-8.2473,10.229,0.071,122.74,882.09,1,8,17
COc1ccc(S(=O)(=O)c2ccc(S(=O)(=O)c3ccc(S(=O)(=O)c4cccc(C(=O)N5N=Cc6nc7ccccc7cc6C5=O)c4)cc3)cc2)cc1C,-8.2471,5.449,0.18,176.5,765.85,0,11,8
CCc1ccc(S(=O)(=O)c2ccc(S(=O)(=O)Oc3ccc(C(=Cc4ccc(Cl)cc4C)n4ccc(S(=O)(=O)c5ccccc5)c4)cc3)cc2)cc1,-8.2459,8.492,0.096,116.58,758.34,0,7,11
COc1ccc(S(=O)(=O)c2ccc(S(=O)(=O)n3c(CCNC(=O)c4cccc([N-][N+]C(=O)c5ccccc5)c4)ccc3C(=O)c3ccc(C(=O)c4ccc(S)cc4)cc3)cc2)cc1,-8.2453,7.655,0.056,190.95,897.03,2,10,16
COc1cc(C2=C(C(=O)c3ccc(-c4ccccc4)cc3)C(=O)c3ccccc32)cc(c2ccc(-c3ccc(-c4ccc(C(=O)c5(C)oc6ccc(C)cc65)cc4)cc3)cc2)c1,-8.245,13.043,0.102,69.67,804.94,0,5,10
COc1ccc(S(=O)(=O)c2ccc(C(=O)c3ccc(OC(=O)c4cc(S(=O)(=O)c5cccc(C)c5)ccc4S(=O)(=O)c4ccccc4)cc3)cc2)cc1,-8.2429,6.952,0.077,155.02,766.87,0,10,11
Cc1ccc(S(=O)(=O)c2ccc(C(=O)c3ccc(OCc4ccc(C(=O)N5CCN(c6ccc(S(=O)(=O)c7cccc(C)c7)cc6)CC5)cc4)cc3)cc2)cc1,-8.2406,7.741,0.123,118.13,784.96,0,8,11
Cc1nc(S(=O)(=O)c2ccc(C(=O)Nc3ccccc3Cl)cc2)c(S(=O)(=O)c2ccc(-c3ccc(-c4ccc(C(=O)c5ccc(Cl)cc5)cc4Cl)cc3)cc2)cc1Cl,-8.2392,11.487,0.135,127.34,886.66,1,7,10
CC1=Cc2cc(C(=O)c3ccc(-c4ccc(-c5ccc(N(=O)=O)cc5)cn4)cc3)ccc2C(=O)N1Cc1ccccc1,-8.2384,7.226,0.119,95.1,551.6,0,5,7
O=C(c1ccc(-c2ccc(S(=O)(=O)c3ccccc3)cc2)cc1)c1cc(N2CCN(c3ccc(O)cc3)CC2)c2ccc(-c3cccc(O)c3)cc2c1,-8.2367,8.975,0.152,98.15,716.86,2,7,8
CN(c1ccc(-c2ccc(-c3ccc(C4CCCCC4)cc3)cc2)cc1)c1ccc(S(=O)(=O)c2ccc(S(=O)(=O)c3ccc(CF)cc3)cc2)cc1S(=O)(=O)c1ccccc1,-8.236,11.804,0.12,105.66,870.1,0,7,12
COC(=O)COC(=O)c1ccc(C(=O)c2ccc(C(=O)c3ccc(C4=NN(C(=O)c5ccc(S(=O)(=O)c6cccc(C(=O)c7ccccc7)c6)cc5)C(=O)C4)cc3)cc2)cc1,-8.2352,6.319,0.072,187.69,832.84,0,12,13
CC(C)(C)C(=O)c1ccc(-c2cccc(S(=O)(=O)c3ccccc3C=NNC(=O)c3ccc(-c4ccc(S(=O)(=O)N5CCc6ccccc65)cc4)cc3)c2)cc1,-8.2331,8.598,0.084,130.05,781.96,1,7,10
CC(C)(C)c1cc(C(=O)Nc2ccc(S(=O)(=O)c3ccc(C(=O)Cc4ccc(S(=O)(=O)c5cccc(C(=O)c6ccccc6)c5)cc4)cc3)cc2)ccc1O,-8.2263,8.264,0.125,151.75,771.91,2,8,11
CCc1ccc(S(=O)(=O)c2ccc(C(C(=O)c3ccccc3)c3ccc(S(=O)(=O)c4ccccc4)cc3)cc2)cc1,-8.2218,6.929,0.177,85.35,580.73,0,5,9
CCc1nc2nc(C)ccc2c(C(=O)c2ccc(C(=O)c3ccc(CC(=O)Oc4ccccc4)cc3OC(=O)c3ccc(Cl)cc3)cc2)c1Cl,-8.2199,8.637,0.079,112.52,703.58,0,8,10
NC(=O)c1cccc(-c2csc(S(=O)(=O)c3ccc(C(=O)c4ccc(N(=O)=O)cc4)cc3)c2)c1,-8.2114,4.486,0.229,137.44,492.53,1,7,7
O=C(O)c1ccc(CCNC(=O)c2ccc(C(=O)c3ccccc3-c3ccc(S(=O)(=O)c4ccc(NC(=O)c5ccccc5C(=O)c5ccccc5O)cc4)cc3)cc2)cc1,-8.2027,8.277,0.078,184.01,828.9,4,8,14
O=C(O)c1ccc(S(=O)(=O)c2ccc(Cn3cccc3)c(-c3ccc(C(=O)c4ccccc4NC(=O)c4ccccc4C(=O)c4ccccc4)cc3)c2)cc1,-8.2014,8.449,0.12,139.61,744.83,2,6,12
O=C(CC1CCCCC1)NCCc1ccc(S(=O)(=O)c2cccc(N3CCN(c4ccc5c(c4)-c4ccccc4C(=O)N5Cc4ccccc4)CC3)c2)cc1,-8.1957,7.992,0.135,91.72,752.98,1,6,11
CC(C)c1cc(-c2cccc(C(=O)Nc3ccc(c4ccc(-c5ccc(S(=O)(=O)Nc6ncccn6)cc5)cc4)cc3C(=O)O)c2)n(C(=O)c2ccccc2)c1,-8.1901,8.842,0.118,160.35,761.86,3,7,11
O=C(Nc1ccc(S(=O)(=O)c2ccc(C(=O)c3ccc(N(=O)=O)cc3)cc2)cc1)c1ccc(S(=O)(=O)N2CCN(C(=O)Cc3cccs3)CC2)cc1,-8.1899,5.048,0.11,181.14,758.86,1,10,11
O=C(COc1ccccc1C(=O)Oc1ccccc1)Nc1ccc(S(=O)(=O)c2ccc(C(=O)c3ccccc3)cc2)cc1,-8.1846,5.987,0.121,115.84,591.64,1,7,10
NNC(=O)c1cccc(S(=O)(=O)c2ccc(C(=O)c3cccc(NC(=O)c4cccc(C5(O)C(CC(=O)O)CC5N=C(O)c5ccccc5)c4)c3)cc2)c1,-8.1837,4.662,0.026,225.55,746.8,6,9,12
CC(C)Sc1ccc(C(=O)N(c2ccccc2)c2ccc(S(=O)(=O)c3ccc(C(=O)COC(=O)c4ccccc4Nc4ccccc4)cc3)cc2)cc1,-8.1813,9.782,0.071,109.85,740.9,1,8,13
CCCCCCCc1ccc(C(=O)c2cccc3ccc(S(=O)(=O)NCCC(=O)Nc4cccc(C(=O)c5ccc(C)cc5)c4)cc23)cc1,-8.1767,8.43,0.081,109.41,674.86,2,5,16
CCOc1ccc(Cc2ccccc2)cc1C(=O)Nc1ccccc1-c1ccc(C=CC(=O)c2ccc(OC)c(OC)c2)cc1,-8.1762,8.509,0.115,73.86,597.71,1,5,12
COc1cccc(C2=NN(c3ccc(S(=O)(=O)c4ccc(C=CC(=O)c5ccc(OC(=O)CCCCc6ccccc6)cc5)cc4)cc3)CC2)c1,-8.1704,8.357,0.038,102.34,698.84,0,8,14
O=C(c1ccccc1)c1cccc(Oc2ccc(-c3ccccc3)cc2)c1S(=O)(=O)c1ccc(-c2ccc(-c3ccc(F)cc3)cc2)cc1,-8.1698,10.683,0.145,60.44,660.77,0,4,9
Cc1cc(C2CCCCC2C(=O)NCC(=O)Nc2ccc(S(=O)(=O)c3ccc(N4C(=O)Cc5ccccc54)cc3)cc2)ccc1C(=O)c1ccccc1,-8.1597,7.308,0.145,129.72,725.87,2,6,10
CC(C)c1ccc(C(=O)Oc2cccc(C3C(=N)C(c4cccc(C(=O)c5ccccc5)c4)=CC3=O)c2)cc1,-8.1595,7.03,0.163,84.29,513.59,1,5,7
O=C(Nc1ccccc1S(=O)(=O)c1ccc(C(S)=Cc2ccccc2)cc1)c1cccc(-c2ccc(S(=O)(=O)Nc3ccccc3)cc2)c1,-8.1509,8.667,0.098,109.41,702.88,3,6,10
COc1ncc(S(=O)(=O)c2cccc(S(=O)(=O)c3ccc(C(=O)OCC(=O)Nc4ccc(S(=O)(=O)c5ccc(C(=O)c6ccccc6)cc5)cc4)cc3)c2)cc1NC(=O)c1ccccc1,-8.1508,6.867,0.079,226.11,930.01,2,13,15
CN(CC(=O)Nc1ccc(S(=O)(=O)c2ccc(C(=O)c3ccc(S(=O)(=O)c4ccccc4)cc3)s2)nc1)C(=O)c1ccc(C(=O)C=Cc2ccccc2)cc1,-8.1506,6.647,0.1,164.72,789.91,1,10,13
CCc1ccc(S(=O)(=O)c2ccc(S(=O)(=O)c3ccc(C(COC(=O)c4ccccc4)c4ccccc4)cc3)cc2)cc1,-8.1448,6.904,0.16,94.58,610.75,0,6,10
CC(=O)c1ccc(-c2cc(-c3cccc(C(=O)c4ccccc4C(=O)c4ccccc4)c3)ccc2OCC(=O)c2cccs2)cc1,-8.1443,9.008,0.135,77.51,620.73,0,6,11
COc1cc(C(=O)c2ccccc2NC(=O)c2cccc(S(=O)(=O)c3ccc(C(C)(C)C)cc3)c2)ccc1OCC(=O)Nc1ccc(S(=O)(=O)c2ccc(Cl)cc2)cc1,-8.1413,8.813,0.108,162.01,851.4,2,9,13
COc1cc(C(=O)c2ccc(C(=O)c3ccc(C(F)(F)F)cc3)cc2)ccc1OCC(=O)Nc1ccc(C(=O)c2ccc(S(=O)(=O)Nc3ccccc3C)cc2)[nH]1,-8.133,7.862,0.094,160.73,795.79,3,8,14
CCC(C)c1cccc(-c2ccc(S(=O)(=O)c3nc(-c4ccc5nc(C6CCCC6)ccc5c4)ccc3OCC(C)=O)cc2)c1,-8.1314,8.936,0.155,86.22,618.8,0,6,10
CC(C)(C)c1cc(C(=O)c2ccc(C(=O)c3ccc(C(=O)CN4CCc5ccccc54)cc3)cc2)ccc1NC(=O)Cc1ccc(C(=O)Nc2ccccc2)cc1,-8.1311,9.125,0.121,112.65,753.9,2,6,12
CCN(CC)C(=O)Nc1ccc(C2(c3cccc(S(=O)(=O)c4ccc(C(=O)CCN5C(=O)N(CC=Cc6ccccc6C)C(=O)c6ccccc65)cc4)c3)C(=O)c3ccccc3C2=O)cc1,-8.1276,8.53,0.084,161.69,899.04,1,8,14
CCOc1ccc(C(=O)c2cccc(C=CC(=O)c3ccccn3)c2)cc1C=CC(=O)c1ccc(C(=O)Nc2ccccc2)cc1,-8.1232,7.756,0.115,102.43,606.68,1,6,12
Cc1ccc(-c2ccc(S(=O)(=O)c3cccc(-c4ccc(S(=O)(=O)c5ccc(S(=O)(=O)N6CCCCCc7ccccc76)cc5)cc4)c3)cc2)cc1,-8.1174,8.916,0.154,105.66,747.96,0,6,8
CN(C)C(=O)c1cccc(c2ccc(S(=O)(=O)c3ccc(C(=O)c4ccccc4C(=O)c4cccc(S(=O)(=O)c5ccc(C(c6ccccc6)c6cc(F)ccc6F)cc5)c4)cc3)cc2)c1,-8.1114,10.641,0.083,122.73,916.04,0,7,13
O=C(NCCc1ccc(CCCc2ccc(S(=O)(=O)c3ccc(-c4ccccc4)cc3)cc2)cc1)c1ccc(C(=O)OCc2ccc3ccccc3c2)cc1,-8.108,9.844,0.112,89.54,743.93,1,5,14
Cc1cccc(C(=O)O)c1C(=O)c1cc(C=Cc2ccc(S(=O)(=O)c3ccc(S(=O)(=O)N(C)c4ccc(C(=O)c5ccccc5)cc4)cc3)cc2)ccc1S(=O)(=O)Nc1ccccn1,-8.1058,8.179,0.074,202.02,912.04,2,10,15
COc1cc(c2cn3C(=Nc4cc(C(=O)c5cccc(N(=O)=O)c5)ccc4S2)CN(CF)c2ccccc2-3)ccc1-c1ccccc1C(C)=O,-8.1037,9.143,0.068,107.57,684.75,0,8,8
COc1ccc(C(=O)COc2ccc(-c3ccc(C(=O)c4ccccc4Sc4ccc(-c5ccc(C(=O)NC(c6ccccc6)c6ccccc6C)cn5)cc4C)cc3)cc2)cc1,-8.1025,12.204,0.103,94.59,845.03,1,7,15
CC(Oc1cccc(C(=O)c2ccc(C(=O)c3ccc(C(=O)c4ccc(S(=O)(=O)N5CCOCC5)cc4)cc3)cc2)c1)c1cccc(S(=O)(=O)c2ccccc2F)c1,-8.1014,7.512,0.108,141.19,817.91,0,9,13
O=C(O)c1cc2ccc1[nH]c1ccc(S(=O)(=O)N3CCCC3(c3ccc(S(=O)(=O)N4CCCCC4)cc3)C(c3ccccc3)c3ccccc3)cc1S2(=O)=O,-8.0989,6.961,0.158,158.23,797.98,2,8,9
COc1ccccc1N1CCN(C(=O)c2ccc(S(=O)(=O)c3ccc(C(=O)c4ccc5cc6ccccc6nc5c4)cc3)cc2)CC1,-8.096,6.423,0.147,96.88,641.75,0,7,7
COc1ccc(C(=O)Cc2ccc(CC(=O)c3ccccc3Oc3ccc(S(=O)(=O)c4ccc(C(N)=O)cc4)cc3)cc2)cc1,-8.0864,6.27,0.163,129.83,619.7,1,7,12
CCCS(=O)(=O)c1ccc(C(=O)Nc2ccc(C(=O)c3ccc(C(=O)c4cccc(S(=O)(=O)c5ccc(C(=O)NO)cc5)c4)cc3)cc2)cc1,-8.0852,5.536,0.085,180.85,710.79,3,9,12
O=C(CCCCCOc1ccc(C2CCCN2c2ccccc2)cc1)c1ccccc1NC(=O)c1ccccc1C(=O)c1ccc(N(=O)=O)cc1,-8.0845,9.242,0.051,118.85,681.79,1,7,15
COc1ccc(-c2ccc(S(=O)(=O)c3nc(C(=O)c4cccc(C(=O)Nc5ccccc5)c4)ccc3-c3ccccc3)cc2)cc1,-8.0808,7.74,0.165,102.43,624.72,1,6,9
CCCCCCCCCCCCCCCCCCCC(=O)N(CC(=O)O)c1ccc(-c2cccc(S(=O)(=O)c3ccc(NC(=O)c4cc(N(=O)=O)ccc4N)cc3)c2)cc1,-8.0783,11.388,0.023,190.01,841.08,3,8,27
CCCCCc1ccc(C(=S)NN=Cc2ccccc2OC(=O)c2ccc(S(=O)(=O)Nc3ccccc3)cc2)cc1,-8.0772,6.739,0.048,96.86,585.75,2,6,12
CCCCCCCCCCCCCCCCCc1ccc(C(C)N=C2c3ccc(C(=O)c4ccccc4)cc3SC2c2ccccc2)cc1,-8.0727,13.729,0.065,29.43,672.04,0,3,21
CCCNc1ccc(C(=O)c2ccc(-c3cccc(-c4ccc(C(CC(=O)O)c5nc(C(=O)c6ccc7ccccc7c6)cn5C)cc4)n3)cc2)cc1,-8.0725,9.193,0.115,114.18,698.82,2,6,13
CCCCCCCCCCCCCC(=O)Nc1ccc(S(=O)(=O)c2ccc(C(=O)COc3ccc(S(=O)(=O)c4ccc(C(C)=O)cc4)cc3)cc2)cc1,-8.0724,9.456,0.062,140.75,759.99,1,8,22
CC(C(=O)O)c1cccc(c2ccc(S(=O)(=O)c3cccc(S(=O)(=O)c4cccc(C(=O)c5ccccc5)c4)c3)cc2)c1,-8.0706,6.438,0.191,122.65,610.71,1,6,9
CNc1ncc(S(=O)(=O)c2ccc(C(=O)CN(c3ccc(C(=O)c4ccc(S(N)(=O)=O)cc4)cc3)c3ccc(-c4ccccc4)cc3)cc2)cn1,-8.0692,5.918,0.145,169.49,717.83,2,10,12
NC(=O)c1ccc(Cn2ccc(-c3ccccc3)n2)nc1-c1cccc(C(=O)c2ccccc2C(=O)NCCc2ccccc2-c2cccc(S(=O)(=O)c3ccc(C(=O)O)cc3)c2)c1,-8.0674,8.161,0.085,191.41,865.97,3,8,15
CCCCCCCCCCc1ccc(C(CN2C(=O)Sc3ccccc32)C(=O)c2cccc(S(=O)(=O)c3ccccc3)c2)cc1,-8.0585,9.246,0.08,73.21,639.88,0,5,16
CC(=O)Nc1ccc(C(=O)COC(=O)c2ccc(S(=O)(=O)c3ccc(S(=O)(=O)Cc4ccc(C(=O)Nc5ccc(S(=O)(=O)c6ccccc6)cc5)cc4)cc3)cc2)cc1,-8.0498,6.577,0.089,203.99,850.95,2,11,14
COC(=O)CCc1ccc(C(=O)c2ccc(OCc3ccc(S(=O)(=O)c4ccc(N(=O)=O)cc4)cc3)cc2)cc1,-8.0493,5.343,0.104,129.88,559.6,0,8,11
Cc1ccc(S(=O)(=O)c2cccc(S(=O)(=O)c3ccc(S(=O)(=O)c4ccc(S(=O)(=O)Nc5ccc(S(=O)(=O)c6ccc7ccccc7c6)cc5)cc4)cc3)c2)cc1,-8.0482,7.28,0.139,182.73,858.03,1,10,11
COc1cc(C(C)C(=O)Nc2ccc(C(=O)Cc3nn(-c4cccc(Cl)c4)c(C(=O)c4ccccc4)c3C)cc2Cl)cc(c2cccc(C(=O)NCCc3ccccc3)c2)c1,-8.0463,10.534,0.099,119.39,849.81,2,6,15
COc1ccc(C(=O)C(=O)C=C(c2ccccc2)c2ccc(C3=Nc4ccccc4C(=O)O3)cc2)cc1,-8.0453,5.747,0.165,86.47,487.51,0,6,7
Cc1ccc(S(=O)(=O)c2ccc(S(=O)(=O)c3ccc(C4=NN(c5ccccc5CNc5ccc(S(=O)(=O)N(C)C)cc5F)C=CC4=O)cc3)cc2)cc1,-8.043,5.875,0.17,152.58,772.9,1,9,11
CCc1ccc(C(=O)c2ccc(S(=O)(=O)c3ccc(NC(=O)c4ccccc4C(=O)OC)cc3)cc2)cc1,-8.0413,5.352,0.245,106.61,527.6,1,6,8
CCCC(=O)c1ccc(-c2ncccc2-c2ccc(C(=O)c3cccc(-c4cccc(C(=O)n5nc(Cl)c(C(=O)c6ccccc6)c5C)c4)c3)cc2)cc1,-8.0387,10.374,0.123,98.99,728.25,0,6,11
CCOc1ccc2nccc(O)c2c1C=NOC(=O)c1ccc(C2=NC(=O)C(c3cccc(N(=O)=O)c3)N2)cc1,-8.0352,4.056,0.145,165.61,539.5,2,10,8
C=CS(=O)(=O)c1ccc(-c2ccc(-c3ccc(NC(=O)c4ccc(C(S)(Sc5ccc6ccccc6c5)c5ccc(C6=Cc7ccccc7NC6=O)cc5)cc4)cc3)cc2)cc1,-8.0349,12.775,0.068,96.1,863.1,3,6,11
Nc1cccc(C(=O)c2cccc(-c3cc(c4ccc(C(CCN5C(=O)c6ccccc6C5=O)Cc5cccnc5)cc4)cc(n4cnc(C(=O)c5ccccc5)c4)c3)c2)c1,-8.0283,9.658,0.07,128.25,797.92,1,7,13
COc1ccc(S(=O)(=O)c2cccc(S(=O)(=O)c3ccccc3C=CC(=O)c3cccc(-c4ccc(C(N)=O)cc4)c3)c2)cc1,-8.0281,6.023,0.146,137.67,637.74,1,7,10
COc1ccc(C(=O)c2ccc(C(=O)CCC(=O)c3ccc(NS(=O)(=O)c4ccc(-c5ccc(C(=O)COc6ccc(S(=O)(=O)N7CCCC7)cc6)cc5OC)cc4)cc3)cc2)c(C)c1,-8.0269,8.603,0.077,179.52,915.05,1,11,19
CC(C)CC(c1ccc(S(=O)(=O)c2ccc(Cl)cc2)cc1)c1cccc(C(=O)c2cccc(S(=O)(=O)c3ccccc3C(=O)c3ccc(O)cc3)c2)c1,-8.0209,9.351,0.123,122.65,763.33,1,7,12
CC(C)(Cc1ccccc1)C(=O)c1ccc(NC(=O)c2ccc(C(=O)c3ccc4ccccc4n3)cc2)cc1,-8.0194,7.17,0.224,76.13,512.61,1,4,8
COc1ccc(S(=O)(=O)c2ccc(S(=O)(=O)c3ccc(-c4nc(C(=O)c5cccc(S(=O)(=O)c6ccccc6)c5)cs4)cc3)cc2)cc1,-8.011,6.548,0.144,141.61,715.85,0,10,10
CCOC(=O)c1ccc2c(c1)C(=O)CC(c1ccc(C(=O)c3ccc(-c4cccc(F)c4)cc3)cc1)C(=O)N2c1ccc(C(C)(C)c2cccc(C(=O)O)c2)cc1,-8.0084,9.959,0.109,118.05,759.83,1,6,10
O=C(NO)C(=NNc1ccccc1)c1ccc(S(=O)(=O)c2ccc(S(=O)(=O)Cc3ccc(C=Cc4ccncc4)cc3)cc2)cc1,-8.0084,5.38,0.098,154.89,652.75,3,9,11
CCCC1=NN(c2cccc(C(=O)c3ccc(-c4ccc(S(=O)(=O)N5CCNC(=O)C5)cc4)cc3)c2)C(=O)C1C(=O)c1ccccc1,-8.0067,4.707,0.196,133.29,648.74,1,7,10
Cc1cc(C(=O)c2ccc(C(=O)c3ccc(Br)cc3)cc2)ccc1C(C)CNC(=O)c1c2ccccc2c(CSc2ccccc2)c2c1[nH]c1ccccc12,-8.0035,11.833,0.101,79.03,801.81,2,4,11
CC(=O)C1CCC(c2ccc(C(=O)c3ccc(S(=O)(=O)NC(=S)OCCC4=Cc5ccccc5-c5ccccc54)cc3)cc2)CC1,-7.9992,7.909,0.099,89.54,649.83,1,6,9
Cc1ccc(S(=O)CC(c2ccc(S(=O)(=O)c3ccc(-c4ccccc4)cc3)cc2)N2C(=O)c3ccccc3C2=O)cc1,-7.998,6.64,0.185,88.59,605.74,0,5,8
C#CCOc1ccc(S(=O)(=O)c2ccc(S(=O)(=O)c3cccc(C(=O)c4ccc(-c5ccccc5CSCc5ccc(C(=O)n6cccc6)cc5)cc4)c3)cc2)cc1OC,-7.9945,9.194,0.073,125.81,852.02,0,9,15
CCCCc1cc(C(=O)CC(C)C)cc(c2ccc(S(=O)(=O)Nc3ccc(S(=O)(=O)c4ccc(N5C(=O)c6cccnc6C5=O)cc4F)cc3)cc2)n1,-7.994,7.288,0.096,160.54,754.86,1,9,13
CC(C)(C)c1cccc(C(=O)c2cccc(S(=O)(=O)c3cc(S(=O)(=O)c4ccc(S(=O)(=O)c5ccccc5-c5ccc(O)cc5)cc4)ccc3Cl)c2)c1,-7.9931,8.74,0.144,139.72,785.36,1,8,9
Nc1ccc(-c2ccc(C(=O)c3cccc(S(=O)(=O)c4cccc(C(=O)C5CCCc6cc(S(=O)(=O)c7ccccc7)ccc65)c4)c3)cc2)cc1,-7.9927,8.135,0.118,128.44,711.86,1,7,9
COc1ccc(S(=O)(=O)c2cccc(C3=C(C(=O)Nc4ccc(C(=O)S)cc4)c4ccccc4-c4ccccc43)c2)cc1,-7.9902,7.824,0.143,89.54,603.72,2,5,7
COc1ccc(C(c2ccc3cc(-n4cc(C(=O)OC(C)C)c5ccccc54)ccc3c2)C2CC(c3ccccc3)=NN2C(=O)CC2CCCCC2)cc1,-7.9893,10.465,0.132,73.13,717.91,0,5,10
CC(=O)OCC(=O)Nc1ccc(S(=O)(=O)c2ccc(C3CC(=O)c4ccccc43)cc2)cc1,-7.9892,3.739,0.558,106.61,463.51,1,6,6
NS(=O)(=O)c1ccc(-c2cccc(-c3ccc(C(=O)c4ccccc4-c4ccc(S(=O)(=O)c5ccccc5)cc4)cc3)c2)cc1,-7.9887,7.399,0.176,111.37,629.76,1,5,8
O=C(c1ccc(-c2ccc(S(=O)(=O)c3ccc(-c4cc(S(=O)(=O)c5ccc(Cl)cc5)ccn4)cc3)cc2)cc1)c1ccccc1Cl,-7.9884,8.619,0.149,98.24,684.62,0,6,8
CCOc1ccc(S(=O)(=O)c2ccc(S(=O)(=O)c3ccc(C(=O)c4c(C)cccc4C)cc3)cc2)cc1COc1ccc(-c2ccnc(-c3cccnc3)c2)cc1,-7.9861,9.302,0.105,129.59,794.95,0,9,13
COC(=O)c1ccc(C(=O)Cc2ccc(C(=O)c3ccc(C(=O)C(=O)OC(=Cc4ccc(S(=O)(=O)c5ccccc5)cc4)Cc4ccccc4)cc3)cc2)cc1,-7.9815,7.972,0.047,137.95,762.84,0,9,14
CCc1ccc(C(=O)COc2cc(C(=O)c3cccc(-c4cccc(C(=O)c5ccc(OC)cc5)c4)c3)ccc2Cl)cc1,-7.9718,8.302,0.145,69.67,589.09,0,5,11
C=CC(=O)c1ccc(-c2cccc(-c3cc(C(Cl)c4ccc(S(=O)(=O)c5ccccc5)cc4)ccc3C(=O)c3ccccc3)c2)cc1,-7.9704,9.781,0.084,68.28,653.2,0,4,10
O=C(O)CCCc1ccc(-c2ccc(S(=O)(=O)c3ccc(C(=O)c4ccc(C(=O)CC(CC(=O)c5ccccc5)c5ccco5)cc4)cc3)cc2)cc1,-7.9669,9.047,0.098,135.79,724.83,1,7,16
O=C(c1ccccc1)c1ccc(CCCCC(=O)c2ccccc2C(=O)c2ccc(C(=O)c3cccc4ccccc34)cc2)cc1,-7.9648,9.128,0.104,68.28,600.71,0,4,12
COc1ccc(S(=O)(=O)c2ccc(S(=O)(=O)c3ccc(-c4ccc(F)cc4-c4cc(C(=O)c5ccc(OC)c(OC)c5)cc(S(=O)(=O)c5cccc(C)c5)c4)cc3)cc2)cc1,-7.9643,9.223,0.103,147.18,877.0,0,10,13
Cc1cccc(S(=O)(=O)CC(=O)c2ccc(S(=O)(=O)c3ccc(-c4ccc(C(=O)NC5CCCCC5C)cc4)cc3)cc2)c1,-7.9628,6.46,0.213,114.45,629.8,1,6,9
COc1cccc(S(=O)(=O)c2ccc(C=Nc3ccc(S(=O)(=O)c4ccc(C(=O)CN5C=Nc6cc(NC(=O)Cc7ccccn7)ccc6C5=O)cc4)cc3)cc2)c1,-7.9616,6.28,0.103,183.82,811.9,1,11,13
COc1ccc(C2CC(=O)CC2C(=O)Nc2nc3ccc(-c4ccc(C(=O)C=Cc5ccc(OC)cc5Cl)cc4)cc3s2)cc1,-7.9607,8.231,0.129,94.59,637.16,1,7,9
Cc1ccc(S(=O)(=O)c2ccccc2Sc2ncc(-c3ccc(-c4cccc(C(=O)Nc5ccccc5Cl)c4)cc3)cc2C(=O)Nc2ccccc2C(F)(F)F)cc1,-7.9594,11.885,0.142,105.23,834.34,2,6,10
COc1ccccc1C=CC(=O)c1ccc(C(=Cc2ccccc2C(=O)c2ccc(N(=O)=O)cc2)CC(=O)C=Cc2ccccc2)cc1,-7.9574,8.944,0.042,103.58,633.7,0,6,13
O=C(Nc1ccc(S(=O)(=O)c2cccc(S(=O)(=O)c3ccccc3)c2)cc1)c1ccc(C2=CC3=CC=CC(=O)C3C=C2)cc1,-7.9545,6.239,0.262,114.45,619.72,1,6,7
C=C(c1ccc(COc2ccc(C(=O)c3cccc(C(=O)N4CCOCC4)c3)cc2)c(S(C)(=O)=O)c1)c1ccccc1C(=O)c1ccc(C)cc1,-7.9529,6.973,0.137,107.05,699.83,0,7,11
Cc1ccc(C(=O)c2cc(C(=O)c3ccco3)cc(S(=O)(=O)N3CC4CC3Cc3ccccc34)c2)cc1,-7.9521,5.153,0.334,84.66,511.6,0,5,6
O=C(c1ccccc1)c1ccc(CNC(=S)c2ccc(-c3ccc(C(=O)C(O)Cc4ccccc4)cc3)cc2)cc1,-7.9496,6.836,0.146,66.4,555.7,2,4,10
Cc1ccc(C(C(=O)c2cccc(C(=O)N3CCOCC3)c2)c2ccc(-c3cc(-c4cccc(C(N)=O)c4)ccc3C=NO)cc2)cc1,-7.9493,6.723,0.08,122.29,637.74,2,6,9
O=C(O)c1cccc(C(=O)c2ccccc2NC(=O)c2cccc(S(=O)(=O)c3ccccc3C(=O)c3ccccc3)c2)c1,-7.9448,5.932,0.203,134.68,589.63,2,6,9
COc1cc(C(=O)c2cc(N(=O)=O)ccc2C#N)ccc1-c1ccc(C(=O)c2cc(S(=O)(=O)c3cccc(C)c3)ccc2C)cc1,-7.9355,7.054,0.096,144.44,630.68,0,8,9
CCOC(=O)c1ccc(S(=O)(=O)c2cccc(C(=O)C=Cc3ccc(S(=O)(=O)c4ccccc4)cc3)c2)cc1,-7.9312,5.425,0.153,111.65,560.65,0,7,9
CCOC(=O)c1cccc(S(=O)(=O)c2ccc(C(=O)C=Cc3ccccc3C(=O)Nc3ccccc3C)cc2)c1,-7.9298,6.153,0.151,106.61,553.64,1,6,9
CCOCCCNc1cc(C(=O)c2cccc(C(=O)Nc3cccc(S(=O)(=O)c4ccc(S(=O)(=O)c5ccccc5C)cc4)c3)c2)ccc1C(=O)C(=O)c1ccccc1,-7.9289,8.048,0.052,169.85,828.97,2,10,17
Cc1ccc(S(=O)(=O)c2ccc(CCC(=O)NN=Cc3cccc(-c4ccccc4)c3)cc2)cc1,-7.9221,5.578,0.263,75.6,482.61,1,4,8
COc1ccc(S(=O)(=O)c2cccc(C(=O)CSc3ncc(S(=O)(=O)c4ccccc4N(=O)=O)cc3C(=O)Nc3ccccc3)c2)cc1,-7.9131,5.891,0.071,179.71,703.78,1,11,12
COc1ccc(C(Nc2ccc(S(=O)(=O)c3cccc(C(C)=O)c3)cc2)c2ccc(S(=O)(=O)c3ccccc3)cc2S(=O)(=O)c2ccccc2)cc1,-7.9125,7.598,0.125,140.75,751.9,1,9,12
Cc1ccc(S(=O)(=O)c2cc(S(=O)(=O)c3ccccc3)ccc2CNC(=O)c2ccccc2C=CC(=O)c2ccccc2)cc1,-7.9122,6.487,0.139,114.45,635.76,1,6,10
CS(=O)c1ccc(NC(=O)c2cccc(C(=O)c3cccc(-c4ccc(C(=O)c5ccc(CC6(C)CC(c7ncco7)CC6=O)cc5)cc4)c3)c2)cc1,-7.9096,8.489,0.133,123.41,720.85,1,7,11
COc1ccc(C2CC(C(=O)c3ccc(N4CCN(C(=O)c5ccc(C(C)C)cc5)CC4)cc3)=NN2C(=S)Nc2ncc(c3ccccc3)cc2C(=O)O)cc1,-7.9075,7.924,0.107,127.67,766.92,2,8,10
COc1ccc(OC(=O)C(OC(=O)c2ccccc2)c2cccc(S(=O)(=O)c3ccccc3)c2)cc1C(=O)c1ccccc1,-7.9029,6.263,0.104,113.04,606.65,0,8,10
CCCc1ccc(OC)c(CN(CC(O)CN(Cc2ccccc2)c2ccc(S(=O)(=O)c3ccc(C(=O)c4ccc(S(=O)(=O)c5ccc(C(C)=O)cc5)cc4)s3)cc2)c2ccccc2)c1,-7.8999,9.883,0.074,138.36,927.18,1,11,20
Cc1ccc(S(=O)(=O)c2ccccc2NC(=O)C2=C(O)c3ccccc3C=C2c2ccc(N(=O)=O)cc2)cc1,-7.8974,6.514,0.187,126.61,538.58,2,6,6
CCc1ccc(S(=O)(=O)c2ccc(C)cc2C(=O)c2cccc(S(=O)(=O)c3ccc(S(=O)(=O)Nc4ccc(-c5ccc(C(N)=O)cc5)cc4)cc3)c2)cc1,-7.8945,7.021,0.125,174.61,778.93,2,8,12
Cc1ccc(C(=O)NCc2ccccc2)cc1C(C(=O)C(OC(=O)CC(C)C)c1ccccc1)N(C(=O)c1ccc(Cc2ccccc2)cc1)c1ccc(C2(C)CC2)cc1,-7.8942,10.855,0.098,92.78,797.01,1,5,16
COc1ccc(C(=O)C=Cc2ccc(S(=O)(=O)c3ccc(C(C)=O)cc3S(=O)(=O)c3cc(CO)nc(-c4ccc(C(C)=O)cc4)c3)cc2)cc1,-7.8908,6.216,0.116,161.84,709.8,1,10,12
COc1cc(c2ccc(C(CC(=O)Cc3ccccc3)c3ccccc3C(=O)c3ccccc3)cc2)ccc1OC(=O)CNC(=O)c1cccc(C(C)=O)c1,-7.8891,8.465,0.064,115.84,729.83,1,7,15
O=C(c1ccccc1)c1ccc(C2CCC=NN2c2ccc(C=Cc3ncccc3C(=O)Nc3ccccc3S(=O)(=O)c3ccc(C(=O)c4ccccc4C(F)(F)F)c(F)c3)cc2)cc1,-7.888,11.284,0.096,125.87,892.93,1,8,12
O=C(NC(CO)c1nc(-c2ccc(C3CC3)cc2)no1)c1cccc(S(=O)(=O)c2ccccc2)c1,-7.8817,3.91,0.385,122.39,489.55,2,7,8
NC(=O)c1cccc(C(=O)c2ccc(C(=O)CN3N=C(c4ccccc4)C(=O)C(CS(=O)(=O)c4ccccc4)C3c3ccccc3)cc2)c1,-7.88,5.32,0.188,144.04,669.76,1,8,11
O=S(=O)(c1ccc(-c2ccc(C3CC=CCC3)cc2)cc1)c1ccc(C2CCN(Cc3ccc(Oc4ccccc4)c(CCc4ccccc4)c3)CC2)cc1,-7.8767,11.967,0.117,46.61,744.01,0,4,12
O=C(CCCC=CCCCCC(CO)c1ccccc1Oc1ccc(C(=O)c2nc3ccccc3n2Cc2ccc(C(=O)c3ccc(N4CCCC4)cc3)cc2)cc1)c1ccccc1,-7.8767,12.185,0.044,101.73,850.07,1,7,21
CCCCCc1ccc(-n2nc(-c3cccc(-c4cccc5cc(S(N)(=O)=O)ccc45)c3)cc2C(C)=O)cc1,-7.8729,6.942,0.163,95.05,537.69,1,4,9
Cc1cccc(-c2cccnc2OCC(=O)Nc2ccc(S(=O)(=O)N3CCC(c4ccc(S(=O)(=O)c5cccc6c5C(=O)CCC6)cc4)CC3)cc2)c1,-7.8721,6.995,0.161,139.81,749.91,1,8,10
CCOC(=O)c1cc(S(=O)(=O)c2cccc(C(=O)c3cccc(C(=O)c4ccccc4)c3)c2)ccc1CCc1cccc(S(=O)(=O)N(C)Cc2ccccc2)c1,-7.8673,7.764,0.076,131.96,785.94,0,8,15
O=C(CCl)c1cncc(-c2ccc(C(=O)c3cccc(-c4ccc(N5CCN(c6ccc(S(=O)(=O)c7ccccc7Cl)cc6)CC5)nn4)c3)cc2)c1,-7.8655,7.671,0.103,113.43,748.69,0,9,10
Cc1ccc(C2=NNC(=O)CC2)cc1-c1ccc(-c2cccc(N3CCN(C(=O)c4ccc(C(=O)Cc5ccccc5)cc4)CC3)c2)cc1,-7.8627,7.331,0.179,82.08,646.79,1,5,8
CC(=O)Nc1ccc(C(Cc2ccccc2)(c2ccccc2)c2cccc(S(=O)(=O)c3ccc(C(=O)Nc4ccc(Cl)c(S(=O)(=O)c5ccccc5)c4)cc3)c2)cc1,-7.8584,9.793,0.118,126.48,825.41,2,6,12
CCN(C)S(=O)(=O)c1cccc(-c2ccc(C(=O)c3ccc(-c4ccc(CN5CCc6ccc(c7ccccc7)cc6C5)cc4)cc3)cc2)c1,-7.8577,9.117,0.136,57.69,676.88,0,4,10
CCc1ccc(n2cc(C(=O)C(=O)NCC(=O)OCC(=O)Nc3ccc(N(=O)=O)cc3)cc2-c2ccccc2)s1,-7.8569,4.157,0.092,149.64,560.59,2,8,11
O=C(O)c1ccc(S(=O)(=O)c2ccc(C3(Cc4ccoc4)C(=O)c4ccccc4C3=O)cc2)cc1,-7.8551,4.37,0.402,118.72,486.5,1,6,6
CCc1ccc(c2nc(SCC(=O)c3ccc(C)cc3)c(C(=O)CNC(=O)C=Cc3ccccc3Nc3ncnc4ccccc34)cc2OCC2CCCO2)cc1,-7.852,8.851,0.056,132.4,777.95,2,10,16
Cc1ccc(S(=O)(=O)c2ccccc2NC(=O)CSc2nnc(-c3ccc(OCc4ccccc4)c(C(F)(F)F)c3)c3ccccc23)cc1,-7.8487,8.767,0.143,98.25,699.78,1,7,10
COC(=O)c1cccc(-c2ccc(C3NC(S)=C(C#N)C3c3ccc(-c4ccccc4)cc3)cc2)c1,-7.8456,6.9,0.237,62.12,488.61,2,5,5
Cc1ccc(-c2ccc(C(=O)c3ccc(OCCCCc4ccccc4)cc3)cc2)cc1,-7.8448,7.295,0.21,26.3,420.55,0,2,9
Cc1ccc(S(=O)(=O)c2cccc(C(=O)c3cccc(S(=O)(=O)CCNC(=O)c4cccc(C5=Nc6ccccc6C(=O)C5=O)c4)c3)c2)cc1,-7.842,5.149,0.154,160.95,704.78,1,9,10
CCOC(=O)c1cccc(S(=O)(=O)c2cc(C(=O)c3ccccc3CN3CCCCC3)ccc2OC(=O)Nc2ccccc2C(=O)c2cccc(C(=O)NCc3ccc(F)cc3)c2)c1,-7.8416,8.824,0.075,165.25,881.98,2,10,15
COc1cc(S(=O)(=O)c2ccc(N=C(C)c3cccc(C(=O)c4ccc(C(C)=O)cc4)c3)cc2)cc(OC)c1OC,-7.8412,6.12,0.167,108.33,571.65,0,8,10
Nc1cccc(C(=O)Nc2cccc(S(=O)(=O)c3ccc(C(=O)c4ccc(CNC(=O)Cc5ccccc5)cc4)cc3)c2)c1,-7.8369,5.444,0.144,135.43,603.7,3,6,10
COc1ccc(C(=O)CN(Cc2ccccc2)S(=O)(=O)c2ccc(S(=O)(=O)c3ccc(S(=O)(=O)c4ccccc4)cc3)cc2)cc1,-7.8369,5.435,0.16,131.96,675.81,0,8,12
CCCOc1ccc(C(=O)c2ccc(-c3ccccc3)nc2)cc1C(=O)COc1cccc(C(=O)NCCc2ccccc2)c1,-7.8363,7.003,0.138,94.59,598.7,1,6,14
CCCCc1cc(N(=O)=O)ccc1OCCCC(=O)Nc1ccc(CN2CCN(c3ccc(S(=O)(=O)c4ccc(N(=O)=O)cc4)cc3)CC2)cc1,-7.8342,6.798,0.074,165.23,715.83,1,10,16
COc1cc(Oc2ccc(C(F)(F)F)cc2)c(C(=O)CCCC(=O)c2ccc(NCc3ccccc3)cc2)cc1S(=O)(=O)c1ccc(C)cc1,-7.83,9.496,0.115,98.77,701.76,1,7,14
Cc1ccccc1C(=O)Nc1cccc(C(=O)COC(=O)C2=C(O)c3ccccc3C3=C2OC2=C3C(=O)c3ccccc3C=C2)c1,-7.83,7.559,0.148,122.91,607.62,2,7,6
CCCCN1C(=O)C=C(c2cccc(S(=O)(=O)c3cc(S(=O)(=O)c4ccc(OC)c(OC)c4)ccc3C)c2)c2ccccc21,-7.8216,6.46,0.174,108.74,631.77,0,7,10
CCN1C(=O)c2cccc3c(cccc23)C1CCNC(=O)c1cccc(-c2ccc(C(C)=O)cc2)c1,-7.8196,6.046,0.33,66.48,476.58,1,3,7
COc1ccc(c2cccc3cccnc32)cc1OCC(=O)Nc1ccc(S(=O)(=O)n2ccc(C=Cc3ccccc3F)c2)cc1,-7.8182,7.276,0.17,99.52,633.7,1,6,10
CCOc1cc(C(=O)C=CC=Cc2ccc(OC)cc2)ccc1CS(=O)(=O)Cc1ccc(C(=O)COC(=O)c2cccc(S(=O)(=O)N3CCCCC3)c2)cc1,-7.8161,6.876,0.048,150.42,785.94,0,10,17
Cc1cccc(OCCc2csc(C(=O)Cc3ccc(CCC(=O)Nc4ccccc4C(=O)c4ccccc4)cc3)c2)c1,-7.8127,7.906,0.142,72.47,587.74,1,5,13
CS(=O)(=O)c1cc(C(=O)c2ccccc2C(=O)Nc2ccc(-c3ccccc3)cc2)ccc1OCCNC1C(=O)N1C1CC1,-7.8101,4.54,0.137,121.65,609.7,2,7,12
COc1ccc(S(=O)(=O)c2ccc(C(=CN3CCN(c4ccccc4)CC3)c3ccc(C(=O)c4ccccc4N)cc3)cc2)cc1,-7.8043,6.553,0.146,92.94,629.78,1,7,9
CN(C)CCNC(=O)c1ccccc1Oc1ccc(S(=O)(=O)c2ccc(N3C(=O)C=CC(Cc4ccccc4)=C3Cc3ccccc3)cc2)cc1,-7.8023,6.936,0.141,97.71,697.86,1,6,13
COc1ccccc1C=NNC(=O)c1ccc(S(=O)(=O)c2cccc(C(=O)C3CCCCC3)c2)cc1,-7.8014,5.055,0.263,101.9,504.61,1,6,8
CC(C)(Oc1ccc(C(=O)c2nc3cc(C(=O)c4ccc(-c5ccccc5C=Nc5cccnc5)cc4)ccc3o2)cc1)C(=O)Oc1ccccc1,-7.7988,8.865,0.057,120.95,685.74,0,9,11
COc1ccc(C2CC(=S)Nc3cc(S(=O)(=O)c4cccc(C(=O)c5ccc(CNC(=O)c6ccc(F)cc6)cc5)c4)ccc32)cc1F,-7.7988,7.242,0.125,101.57,682.77,2,6,9
COc1ccc(C2(O)CCN(N=Nc3ccc(C4CC4c4ccc(-c5ccc(N(C)C)cc5)cc4)cc3)CC2)cc1,-7.7962,7.682,0.23,60.66,546.72,1,5,8
COc1ccc(S(=O)(=O)c2ccc(C(=O)c3ccc(C=Cc4ccc(S(=O)(=O)CCF)cc4)cc3CC(=O)O)cc2)cc1,-7.7953,5.3,0.166,131.88,622.69,1,7,12
CCOC(=O)Cn1c(Cc2ccccc2)c(Cn2ccnc2)c(c2ccc(S(N)(=O)=O)cc2)c1Cc1ccc(-c2ccc(C(=O)c3ccc(C(F)(F)F)cc3)cc2)cc1,-7.795,8.709,0.087,126.28,816.9,1,6,14
CCOC(=O)c1ccc(C(=O)c2ccccc2CNC2CCN(C(=O)c3ccc(S(=O)(=O)c4ccc(C(=Nc5ccc(C(=O)OCC)s5)C(=O)O)cc4)cc3)C2)cc1,-7.7924,6.375,0.068,185.81,821.93,2,12,15
Nc1cc(-c2ccc(-c3ccccc3)cc2)c(-c2cccc(C(=O)O)c2)c(C2=C(c3ccccc3)c3ccccc3C2=O)n1,-7.7891,8.518,0.209,93.28,570.65,2,4,6
COc1ccc(N2CC(c3ccc(S(=O)(=O)c4ccc(S(=O)(=O)c5ccc(F)cc5)cc4)cc3)CC2=O)cc1,-7.7879,5.02,0.292,97.82,565.64,0,6,7
CCCCCCCCCCCCCCc1ccc(C(=O)C2CCCN(S(=O)(=O)c3cccc(-c4nccnc4C(=O)Nc4ccccc4C(=O)O)c3)C2)cc1,-7.7872,9.621,0.063,146.63,767.01,2,7,21
CC(C)Cc1ccc(C2Nc3cccc(c3)C(=Nc3ccccc3)C(c3ccccc3)N(Cc3ccccc3Cl)C2=S)cc1,-7.7866,10.397,0.185,27.63,614.26,1,3,7
CCOc1ccc(-c2ccc(C(=O)c3ccc4c(ccn4CCO)c3C(=O)c3ccc(S(N)(=O)=O)cc3)cc2)cc1,-7.7832,4.809,0.233,128.69,568.65,2,6,10
CC(Cc1ccccc1)=C(C#N)c1ccc(C(=O)Cc2ccc(S(=O)(=O)c3ccccc3C)cc2)cc1,-7.7772,6.793,0.195,75.0,505.64,0,4,8
CCCCCCCCCCCCC(=O)N1CCC(C(=O)Cn2ccc3ccc(N(=O)=O)cc32)(c2cccc(S(=O)(=O)c3ccccc3)c2)CC1,-7.7526,8.823,0.058,119.59,699.91,0,6,18
COc1cccc(C(=S)NN=CC(=O)c2ccc(S(=O)(=O)c3ccc(S(N)(=O)=O)cc3)cc2)c1,-7.7493,2.309,0.2,144.99,517.61,2,8,8
CCOC(=O)c1ccccc1Nc1c(C)cc(S(=O)(=O)c2ccc(CCCC(=O)N(C)Cc3ccccc3C)cc2)cc1C(=O)c1ccccc1,-7.7491,8.269,0.092,109.85,702.87,1,7,14
O=C(c1ccccc1)c1ccc(S(=O)(=O)c2ccc(CSc3nonc3C(=O)N3CCCC3)c(F)c2)cc1,-7.7427,4.801,0.227,110.44,551.62,0,8,8
Cc1ccc(-c2nc(CNc3ccccc3)ccc2-c2ccc(-c3ccccc3C(=O)c3ccc(-c4ccccc4)cc3)cc2)cc1,-7.7427,10.901,0.166,41.99,606.77,1,3,9
COc1ccc(C(=NNC(=O)c2ccccc2Cl)c2ccc(S(=O)(=O)c3ccccc3)cc2)cc1,-7.7361,5.364,0.271,84.83,505.0,1,5,7
CNC(=O)C(=O)c1ccc(C(=O)c2cnc(S(=O)(=O)c3ccc(C4=NCCN4)cc3)cc2-c2ccccc2)cc1,-7.7358,3.091,0.253,134.66,552.61,2,8,8
Cc1ccc(C(=O)CN2CCCN(c3nc(C(=O)Oc4cccc(N(C)S(=O)(=O)c5ccc(-c6ccccc6-c6ccccc6)cc5)c4)ccc3C)CC2)cc1,-7.7353,8.472,0.074,100.12,764.95,0,8,11
COc1ccc(-c2cc(C(=O)OCC(=O)Nc3ccccc3)cc(C(=O)c3ccccc3CC(=O)O)c2)cc1,-7.7349,5.016,0.221,119.0,523.54,2,6,10
COCCNC(=O)c1cccc(-c2ccc(S(=O)(=O)c3c[nH]c4ccc(S(=O)(=O)c5ccc(C(=O)Nc6cccc(S(N)(=O)=O)c6)cc5)cc34)cc2)c1,-7.729,4.776,0.126,211.66,772.88,4,9,12
Cc1ccc(N2CCN(CCCC(=O)C3=CN(c4ccc(c5cc(C)n(C)c5C(=O)c5ccccc5)cc4)C(=O)c4ccccc43)CC2)c(C)c1,-7.7287,7.938,0.138,67.55,676.86,0,5,10
COc1ccc(S(=O)(=O)c2ccc(C3=NN(C(=O)C(C)N(Cc4ccccc4)S(=O)(=O)c4ccccc4F)C(c4ccccc4)C3C(=O)c3ccccc3)cc2)cc1,-7.7275,7.733,0.109,130.49,815.95,0,8,13
CCOc1cc(c2nccc(-c3ccc(-n4cncn4)cc3)c2CC(=O)Nc2cccc(S(=O)(=O)N3CCOCC3)c2)ccc1-c1ccccc1,-7.7266,6.264,0.168,128.54,700.82,1,8,11
O=C(COC(=O)C1=C(C(=O)c2cccc(O)c2)C(=O)NC(=O)c2ccc(cc2)c2ccc(-c3ccccc3)c(n2)SC1)Nc1ccccc1Cl,-7.7251,6.498,0.075,151.76,704.16,3,9,7
Cc1ccccc1C(=O)c1ccc2sc(OCc3ccc(S(=O)(=O)c4ccc(C(=O)N5CCOCC5)cc4)c(C)c3)nc2c1,-7.7227,6.028,0.194,102.87,626.76,0,8,8
O=S(=O)(c1ccccc1)c1cccc(S(=O)(=O)c2ccc(c3nc(C(=S)Nc4ccccc4)cs3)cc2)c1,-7.7221,6.263,0.229,93.2,576.75,1,7,7
Cc1cccc(C(=O)C2=C(O)c3cc(OC(=O)c4ccc(NC(=O)c5ccccc5)cc4)ccc3OCC2=O)c1,-7.7179,5.58,0.144,119.0,533.54,2,7,6
CSc1ccc(C(=O)C=C(c2ccc(Cl)cc2)c2ccc(Oc3ccccc3)cc2)cc1,-7.7166,8.169,0.159,26.3,456.99,0,3,7
CCCCNC(=O)CSC1=Nc2ccc(c3ccccc3)cc2C(=O)N1CCCc1ccc(C(=O)O)cc1,-7.7163,5.403,0.145,101.29,529.66,2,5,12
Cc1ccccc1c1cccc(C(=O)N2C(=O)NN=C(c3cccc(C(=O)c4ccc(N(=O)=O)cc4)c3)C2=O)c1C,-7.7141,4.71,0.184,145.03,546.54,1,7,6
CCCCN1CCC(c2cc(C(=O)c3ccc(S(=O)(=O)c4ccc(-c5ccc(S(C)(=O)=O)cc5)cc4-c4cccc(-c5ccccc5N5CCCC5)c4)cc3)ccc2C)CC1,-7.7061,11.043,0.107,91.83,851.15,0,7,13
COc1ccc(-c2cc(C(=O)CSC(=O)c3ccccc3)cc(C(=O)c3ccccc3-c3nc4cc(C)ccc4cc3C)c2)cc1,-7.6998,9.182,0.15,73.33,621.76,0,6,9
O=C(O)c1ccc(-c2ccc(C(=O)CCSc3ccc(C4=Nc5ccccc5C(=O)S4)cn3)cc2)cc1,-7.6996,6.449,0.184,97.22,524.62,1,7,8
Nc1ccc(S(=O)(=O)c2ccc(-c3nc(C(=O)c4ccccc4CC(=O)O)nn3-c3ccccc3)cc2)cc1,-7.6991,4.207,0.221,145.24,538.59,2,7,8
O=C(NCC1CC1)c1cccc(-c2ccc(CN3nC(c4ccn(S(=O)(=O)c5cccc(C(=O)N6CCc7ccccc7C6)c5)c4)CC3=O)cc2)c1,-7.698,5.709,0.192,120.82,713.86,2,6,10
Cc1ccc(S(=O)(=O)c2ccc(C(C)(C)C)cc2C(=S)Nc2ccc(C(=O)c3ccc(S(=O)(=O)N4CCOCC4)cc3)cc2C(=O)O)cc1,-7.6974,5.863,0.159,147.15,720.89,2,8,9
CCCC(=O)c1cc(C(=O)C(Sc2ccccc2)c2ccccc2F)ccc1OC(=O)c1ccc(C(C)=O)cc1,-7.6955,7.947,0.081,77.51,554.64,0,6,11
CCCc1nccc(-c2ccccc2)c1C(=O)c1ccc(S(=O)(=O)c2cccc(S(=O)(=O)NCc3ccc(C(=N)N)cc3)c2)cc1,-7.6926,5.527,0.091,160.14,652.8,3,7,12
COc1ccc(-c2cc(c3ccccc3)ccc2C(=O)Nc2ccc(N(=O)=O)c(C=NNC(=S)Nc3ccccc3C)c2)cc1,-7.6911,7.819,0.067,117.89,615.72,3,6,9
CCCCN(Cc1ccccc1C(=O)c1ccc(C(=O)c2ccc(S(=O)(=O)NC(=O)c3cc(-c4ccccc4)ccc3C)cc2)cc1NS(=O)(=O)C1CCCCC1)C(=S)NCc1ccccc1,-7.69,9.994,0.056,158.82,955.24,3,8,18
CC1=C(Cc2ccccc2)C(c2ccc(S(=O)(=O)c3cccc(C(=O)N(C)Cc4ccccc4)c3)cc2)=NC(=O)C1,-7.6865,6.07,0.261,83.88,562.69,0,4,8
O=C(Nc1ccc(c2ccc(-c3ccc(C(=O)c4ccc(-c5ccccc5)cc4)cc3)cc2)cc1OCCCCCc1ccccc1Oc1cc(c2ccccc2)ccc1O)c1ccccc1,-7.6814,15.128,0.07,84.86,876.07,2,5,17
O=C(c1ccc(C(=O)c2ccc3c(c2)CCC(c2ccccc2O)O3)cc1)c1ccc(-c2ccc(N3CC(S(=O)(=O)O)NC3=O)cc2)cc1,-7.6812,6.331,0.128,150.31,674.73,3,7,8
CCCCCC1C(=O)c2ccc(-c3cccc(N(=O)=O)c3)cc2C(=O)N1Cc1cncs1,-7.6709,5.506,0.257,93.41,449.53,0,6,8
NS(=O)(=O)c1ccc(-c2nc(-c3ncc(-c4cc(C(=O)c5cccnc5)ccc4Cl)s3)cn2-c2ccc(-c3ccccc3)cc2)cc1,-7.6693,7.924,0.164,120.83,674.21,1,7,8
CCCCCCCCCCCc1ccc(C(=O)c2ccc(OCC(=O)N3CCN(S(=O)(=O)c4cccc(C(=O)N5CCN(Cc6ccccc6)CC5)c4)CC3)cc2)cc1,-7.6669,7.861,0.066,107.54,821.1,0,7,20
COc1ccc(C(=O)COc2ccc(-c3cc(C)ccc3OC(=O)c3ccc(C(=O)O)cc3)cc2OC)cc1,-7.664,5.858,0.156,108.36,526.54,1,7,10
CC(=NOCc1ccccc1)c1ccc(CC(=O)N(CC2CCCO2)C(=O)S(=O)c2ccc(-c3ccc(C)cc3)cc2)cc1,-7.6636,7.081,0.142,85.27,608.76,0,6,10
Nc1ccc(S(=O)(=O)c2cc(-c3cccc(S(=O)(=O)N4CCC(O)(CCC5CCCCC5)CC4)c3)ccc2-c2ccccc2)cn1,-7.6636,6.707,0.204,130.66,659.87,2,7,9
CC(=O)c1ccc(CN2CCC(c3ccc4c(c3)C(=O)c3c(C)cc(-c5cccc(C#Cc6ccc(-c7ccccc7OCC7CC7)cc6)c5)cc3C4=O)CC2)cc1,-7.663,10.875,0.108,63.68,759.95,0,5,9
Cc1ccc(C(=O)c2cccc(S(=O)(=O)N3CCC(CC(=O)Nc4ncc5c(n4)CCCCC5)CC3)c2)cc1,-7.6602,4.714,0.339,109.33,546.69,1,6,7
COc1cccc(-c2nc(N)nc(S(=O)(=O)c3cccc(S(=O)(=O)c4ccc(c5ccccc5)cc4)c3)c2C)c1,-7.6555,5.375,0.258,129.31,571.68,1,8,7
CCCCCNC(=O)c1ccc(C(=O)c2ccc(CSc3ccccc3)c(N(=O)=O)c2)cc1,-7.6553,6.038,0.123,89.31,462.57,1,5,11
COc1ccc(-c2cc(C(=O)COc3ccc(N(=O)=O)cc3OC)ccc2C(=O)c2cc(C(=O)O)ccc2OC)cc1,-7.6524,5.479,0.131,151.5,571.54,1,9,12
Cc1ccccc1-c1nn(C2(CCc3ccc(S(N)(=O)=O)cc3)CCCC2)c([O-])c1C=Cc1cccnc1,-7.6495,5.047,0.345,113.93,527.67,1,5,8
CCS(=O)(=O)c1ccc(-c2ccc(C(c3ccco3)N3CCC4=NC(=O)C(C3=O)C4(C)O)cc2)cc1,-7.6418,3.41,0.512,117.25,506.58,1,6,6
CCN(CC)C(=O)c1cccc(-c2cc(C(=O)c3cccc(-c4cccc(C(=O)c5ccncc5)c4)c3)ccc2OC)c1,-7.6381,7.368,0.164,76.57,568.67,0,5,10
CCCCCCCCc1[nH]c(CCc2ccc(S(=O)(=O)c3ccc(C(=O)NCc4ccccc4)cc3)cc2)c(S(=O)(=O)c2ccc(C3CC3)cc2)c1C,-7.637,9.484,0.087,113.17,751.03,2,5,18
COc1ccc(-c2nc(C(=O)C3CC3c3ccc(-c4ccccc4C(=O)C(NC(=O)C(C)(C)c4ccc(Cl)cc4)c4ccccc4)s3)cn2-c2ccccc2)cc1,-7.637,10.934,0.118,90.29,790.39,1,6,13
Cc1cccc(C(C)Oc2ccc(C(=O)CSc3ncccc3C(=O)n3ncc(N(=O)=O)c3C)cc2)c1,-7.6308,5.607,0.122,117.22,516.58,0,8,9
Cc1cccc(S(=O)(=O)c2cncc(C(=O)c3ccc(-c4c[nH]c(C(=O)C5CCCN(c6ccccc6F)C5)c4)cc3)c2)c1,-7.6297,6.687,0.197,100.2,607.71,1,6,8
Cc1ccc(S(=O)(=O)c2ccccc2S(=O)(=O)c2ccc(C3=C(c4ccccc4)OCCC3)c(C)c2)cc1,-7.6273,6.648,0.272,77.51,544.69,0,5,6
CCCCCC(CC)C(=O)C(=Cc1ccc(S(N)(=O)=O)cc1)c1cccc(C(=O)Nc2cccc(C(C)=O)c2)c1,-7.625,6.505,0.107,123.4,560.72,2,5,13
CCOC(=O)c1cccc(C(=O)CCCn2ccc(S(=O)(=O)c3cccc(C(=O)c4ccccc4)c3)c2)c1,-7.6233,5.392,0.191,99.51,529.61,0,6,11
CN1CCCCN(c2ccc(C(=O)C(=O)Nc3nc(S(=O)(=O)c4ccc(C(=O)c5ccc(NC(=O)c6ccccc6)cc5)cc4)ccc3C(C)(C)C=O)cc2)C1,-7.6214,6.185,0.085,162.92,771.9,2,10,12
CN(C)c1nc(C2=C(O)c3ccccc3OC2=O)cc2c1C(=O)c1ccccc1C2=O,-7.6051,3.402,0.444,100.71,412.4,1,7,2
CCOc1cc(c2nc(-c3ccc(C(=O)Nc4ccc(CCN5CCN(C)CC5)cc4)cc3)c(N)cc2N(=O)=O)ccc1-c1ccc(C(=O)c2cc(C)ccc2C)cc1,-7.6028,8.862,0.067,143.93,788.95,2,9,13
COc1ccc(C(=O)CCCc2ccc(S(=O)(=O)c3cccc(C(=O)c4ccccc4)c3)cc2)cc1,-7.5947,5.965,0.252,77.51,498.6,0,5,10
O=C(NC(=S)c1ccc(S(=O)(=O)c2ccccc2)cc1)c1ccccc1C(=O)c1ccccc1,-7.5867,4.856,0.312,80.31,485.59,1,5,6
O=C(CCNCc1cccc(-c2ccc(N(=O)=O)cc2)c1)c1ccc(-c2ccc(C(=O)NCc3ccccc3)cc2C(=O)c2ccccn2)cc1,-7.5865,7.847,0.052,131.3,674.76,2,7,14
CCCCc1ccc(S(=O)(=O)c2ccc(-c3ccc(C4=CC(=O)c5ncccc5S4)cc3)cc2)cc1,-7.5814,7.166,0.232,64.1,511.67,0,5,7
CC(Cl)=CC(=O)NC(CC(C)C)c1ccc(-c2cccc(S(=O)(=O)c3cccc(N(=O)=O)c3)c2)cc1,-7.5747,6.441,0.196,106.38,527.04,1,5,9
CC(Cn1cnc(OCc2ccc(C(=O)c3ccc4ccccc4c3)cc2)c1)C(=O)N1CCN(c2ccccc2Cl)CC1,-7.5711,6.485,0.183,67.67,593.13,0,5,9
CCOC(=O)c1cnc(Oc2c(Cl)cccc2C(=O)Nc2cccc(S(=O)(=O)NN=Cc3cccnc3)c2)cc1C#Cc1ccccc1,-7.5689,6.064,0.078,148.94,680.14,2,9,10
CCN(CC)C(=O)c1cccc(C(=O)Cc2ccc(S(=O)(=O)c3ccc(S(=O)(=O)c4cccc(C5CC5)c4)cc3)cc2)c1,-7.5688,6.137,0.188,105.66,615.77,0,6,11
CSc1nccc(-c2ccc(S(=O)(=O)c3ccc(-c4ccc(C(=O)CCN5CCN(c6ccccc6)CC5)cc4)cc3)cc2)n1,-7.5665,6.76,0.095,83.47,634.83,0,8,10
COc1cc(C)ccc1S(=O)(=O)c1cc(S(=O)(=O)c2ccc(-c3ccc(C(=O)c4ccc(C(N)=O)cc4)cc3)cc2)cc(C2CC2)n1,-7.5655,5.939,0.18,150.56,666.78,1,8,10
CC(C)NC(=O)C(Cc1ccccc1)NC(=O)c1ccc(S(=O)(=O)c2ccc(N3CCC(n4cc(N(=O)=O)cn4)CC3)cc2)cc1,-7.5641,4.331,0.181,156.54,644.75,2,8,11
COc1ccc(C2(C)CC3c4ccc(C(=O)c5ccc(S(=O)(=O)N(C)CC6CCCO6)cc5)cc4CC32)cc1,-7.5626,5.343,0.357,72.91,545.7,0,5,8
CCc1nc2c(cc1-c1cccc(S(=O)(=O)c3ccc(CC(=O)Nc4ccc(S(=O)(=O)c5ccc(C)cc5)cc4)N=C(Nc4cccc(C#N)c4)nc3)c1)CN(C(=O)OC)CC2,-7.5623,7.571,0.141,200.35,868.01,2,12,10
CC(CS(=O)(=O)c1ccc(C(=O)c2ccc(S(=O)(=O)c3cccc(Oc4ccc(C(F)(F)F)cc4)c3)cc2)cc1)S(=O)(=O)c1ccccc1,-7.5592,7.198,0.131,128.72,728.79,0,8,11
CC(C)CC(=O)Oc1ccc(C=CC(=O)c2ccc(Oc3ccccc3)cc2)cc1,-7.5578,6.327,0.192,52.6,400.47,0,4,8
COCN1CCC(c2ccc(OC)c(C(=O)c3cccc(S(=O)(=O)c4ccccc4)c3)c2)C(C(=O)c2ccc(N3NC=CC3=O)cc2)C1,-7.557,5.13,0.193,127.77,665.77,1,8,11
CCN1CCN=C(c2ccc(-c3ccccc3)cc2)C1C(=O)C=Cc1ccc(C(=O)c2ccc(S(C)=O)cc2)cc1,-7.5542,6.098,0.183,66.81,560.72,0,5,9
CCN(C(=O)COc1cccc(C(=O)C2CCC(c3ccccc3Cl)=NN2Cc2ccccc2)c1)c1ccc(C)cc1,-7.5539,7.332,0.185,62.21,580.13,0,5,10
COc1cc(Nc2ncccc2C(=O)NCCOc2cccc(S(=O)(=O)c3ccc(F)cc3)c2)ccc1OCc1ccccc1,-7.5532,6.194,0.117,115.85,627.69,2,8,13
CCCCCCCCCc1ccc([N+](C)(C=CC(=O)c2ccccc2C)c2ccc(C(=O)c3cccc(C(=O)Nc4ccc5c(c4)OCO5)c3)cc2)cc1,-7.5526,11.166,0.045,81.7,721.92,1,5,17
CSCCN=C(NN=Cc1ccc(S(=O)(=O)c2ccc3ccccc3c2)cc1)c1ccccc1,-7.5508,5.406,0.156,70.89,487.65,1,5,8
COc1ccc(C2=NC(=O)c3cc(-c4ccc(S(=O)(=O)N(c5ccc(C(=O)c6ccccc6F)cc5)c5ccccc5C)cc4)ccc3C2=O)cc1,-7.5429,8.394,0.14,110.18,708.77,0,6,9
CCC(=O)c1ccc(S(=O)(=O)c2sc(N3CCN(c4ccc(S(=O)(=O)c5ccc(OC)cc5)nc4)CC3)nc2C)cc1,-7.5379,4.44,0.246,126.84,626.78,0,11,9
COC(=O)c1ccccc1NC(=O)c1ccccc1OCC(=O)c1ccnn1-c1ccc(S(=O)(=O)c2cccc(OC)c2)cc1,-7.5314,5.014,0.158,142.89,625.66,1,9,11
COc1cccc(-c2ccc(-c3ccc(COc4ccc(C(=O)NC5CC5)cc4)c(C(=O)c4cccc(F)c4)c3)cc2)c1,-7.531,7.871,0.173,64.63,571.65,1,4,10
O=C(Nc1ccccc1)c1ccccc1C(=O)c1ccc2c(S(=O)(=O)c3ccccc3-c3ccc(N=Nc4ccc(Cl)cc4)cc3)cccc2c1,-7.5281,10.892,0.119,105.03,706.22,1,6,9
Cc1nn(c2ccc(S(=O)(=O)c3ccc(C(=O)N4CCN(c5ccccc5Cl)CC4)cc3)cc2)c(CN2CCOCC2)c1C,-7.5262,4.77,0.29,87.98,634.2,0,7,7
CCCCCCCC(=S)c1ccc(C(=O)c2cc(c3cc(S(=O)(=O)N(C)CC4CC4)ccc3Cl)ccc2N2CCN(C(=O)c3ccccc3Cl)CC2)cc1,-7.5222,9.963,0.064,78.0,804.91,0,6,16
Cc1cccc(-c2ccc(-n3cc(C(=O)Nc4nc5ccccc5s4)cc3C(=O)N3CCCC3C(=O)c3ccc(-c4ccc(C(F)(F)F)cc4)cc3)cc2)c1,-7.5194,10.488,0.157,84.3,754.83,1,5,8
CC(c1ccc(-c2ccc(C(=O)Cc3ccc(n4cc(CNCCO)c5ccccc54)cc3)cc2)cc1)C1CCCC1Cn1cccc1,-7.489,8.826,0.099,59.19,635.85,2,3,13
CC(C)CC(C(=O)NN=Cc1ccccn1)c1ccc(S(=O)(=O)c2ccc(N(=O)=O)cc2)cc1,-7.4849,4.103,0.279,131.63,480.55,1,7,9
O=C(C=Cc1ccc(S(=O)(=O)c2ccccc2-c2ccc(s3C=NNC3=S)cc2)cc1)c1cccc(F)c1F,-7.4829,6.552,0.113,75.6,578.69,2,5,7
CC(=O)c1ccc(C(=CC(=O)c2ccc(OCCCN3CCCCC3)cc2)c2ccc(C(=O)OCCOC(=O)Nc3ccccc3)cc2)cc1,-7.4822,7.864,0.059,111.24,674.79,1,8,15
COc1ccc(CNC(=O)c2cccc(S(=O)(=O)c3ccc(C(=O)c4ccccc4)cc3)c2)cc1CN(C)C,-7.4819,4.751,0.291,92.78,542.66,1,6,10
N=C(CCc1ccc(-c2nn(c3ccc(C(=O)c4ccccc4)nc3)cc2-c2ccccc2)cc1)NO,-7.4815,5.721,0.112,103.89,487.56,3,5,8
CCC1(C)C(=O)c2ccccc2C(CC(=O)c2ccccc2)c2ccc(C(=O)c3ccccc3)cc21,-7.4794,7.187,0.279,51.21,472.58,0,3,6
CCCc1cccc(S(=O)(=O)c2ccc(C(C)=Cc3ccccc3NO)cc2)c1,-7.4784,5.834,0.382,66.4,407.54,2,4,7
COc1ccc(c2ccccc2)cc1C=CC(=O)C=Cc1ccc(OCC(O)(N=O)c2ccccc2C)c(OC)c1,-7.4757,6.965,0.152,94.42,549.62,1,7,12
Cc1ccc(S(=O)(=O)c2c(Oc3ccc(C(F)(F)F)cc3CCl)cccc2C(=O)c2cccc(C(=O)Nc3ccccc3C)c2)cc1,-7.4707,9.169,0.124,89.54,678.13,1,5,9
O=C(Nc1ccc(N2C(=O)c3ccccc3C2=O)cc1)C1CCCCCC1,-7.4658,4.396,0.65,66.48,362.43,1,3,3
Cc1ccccc1C(=O)c1nn(CC(=O)c2ccc(C(=O)O)cc2)c(C)c1Cc1ccccc1,-7.4599,4.903,0.384,89.26,452.51,1,4,8
O=C(O)c1ccc(C(=O)CNc2ccnc3ccc(C(=O)c4cccc5ccccc45)cc23)cc1,-7.4544,5.612,0.306,96.36,460.49,2,5,7
COc1cccc(C(=O)c2ccc(S(=O)(=O)n3cc(-c4ccccc4-c4cccc(Cl)c4C(=O)c4ccc(S(N)(=O)=O)cc4)cn3)cc2)c1,-7.4519,6.226,0.164,155.49,712.21,1,8,10
O=C(Cc1ccc(-c2ccccc2CNCc2cccc(C(F)(F)F)c2)cc1)c1ccccc1S(=O)(=O)c1ccc(C(=O)C2CCCCC2)cc1,-7.4455,9.683,0.131,80.31,709.83,1,5,12
Cc1c(C(=O)c2cccc(C(=O)c3ccccc3)c2)cnn1CCCC(=O)c1ccc(C(C)N)cc1,-7.4453,5.336,0.31,95.05,479.58,1,5,10
Cc1ccc(-c2ccc(N=C(NS(N)(=O)=O)c3ccc(-c4ccccc4C)cc3)c(C)c2)cc1,-7.4326,5.817,0.285,84.55,469.61,2,3,5
CCc1ccc(C(=O)c2cnccc2-c2cccc(C(=O)N3CCCC(C(=O)OCC(=O)c4ccc(C)cc4)C3)c2)cc1,-7.4318,6.129,0.176,93.64,574.68,0,6,9
COc1cc(S(=O)(=O)c2ccc(-c3cc(NC(=O)c4ccccc4)c(C(F)(F)F)cc3NC(=O)c3cc(C(F)(F)F)ccc3F)cc2)cc(c2ccccc2)c1,-7.4311,10.543,0.142,101.57,792.73,2,5,9
CCC1C(=O)Oc2cc(C(=O)c3ccc(C(=O)Nc4ccc(C(O)C(=O)N(C)c5ccc(Cl)c(Cl)c5)cn4)cc3)ccc2C1=O,-7.4301,5.696,0.108,142.97,646.48,2,8,8
CCCCCCCCCCOc1ccc(C(=O)C=Cc2ccc(O)cc2)cc1,-7.4287,6.808,0.236,46.53,380.53,1,3,13
CCCCCCCCCCCCCCCCCCCCCCCCCCS(=O)(=O)CCC(=O)Nc1ccccc1OC(=O)OCc1ccccc1,-7.419,12.528,0.046,98.77,728.09,1,6,32
COc1cccc(-c2nc(-c3ccc(C(=O)COc4ccc(F)cc4)cc3)cc(n3cnc4nc(c3)oCc3ccccc3C(=O)N4)n2)c1,-7.4146,6.183,0.197,127.6,654.66,1,10,8
O=C(O)c1ccc(C(=O)COc2ccc(C(=O)C=C(c3ccc(N4CCOCC4)cc3)c3ccccc3Cl)cc2)cc1,-7.4129,6.451,0.17,93.14,582.05,1,6,10
COc1ccccc1COC(=O)c1cc(C(=O)CCC(c2ccccc2)c2ccc(N(=O)=O)cc2)ccc1OC,-7.4116,6.764,0.085,104.97,539.58,0,7,12
Cc1cc(Oc2cccc(-n3cnc(c4ccc(C(=O)Nc5ccccc5)cc4)c3N)c2)ccc1N(=O)=O,-7.4035,6.383,0.195,125.31,505.53,2,6,7
Cc1ccc(C(=O)NC(=Cc2ccc(C(F)(F)F)cc2)c2cccc(C(=O)c3cccc4ccccc34)c2)cc1C,-7.3931,8.635,0.17,46.17,549.59,1,2,6
CCCCCCCCCCCCCCCC(OC(=O)C(=O)O)C(=O)N1Cc2ccccc2CC1C(=O)OCC(=O)c1cc(C(=O)c2ccc(Cl)c(Cl)c2)ccc1C(F)(F)F,-7.3923,10.4,0.045,144.35,876.79,1,8,22
Cc1cncc(C(=O)c2ccccc2NC(=O)C2CCC(=O)N2CC(=O)c2ccc(C)c(S(=O)(=O)c3ccccc3)c2)c1,-7.3876,4.575,0.281,130.58,595.68,1,7,9
N#Cc1cc(-c2ccccc2)ccc1NC(=O)Cc1cc(c2ccc3c(cnn3CCc3ccccc3)c2)ncc1C(N)=O,-7.3872,6.16,0.213,126.69,576.66,2,5,9
CN(CC(=O)Nc1ccccc1)c1ccc(-c2nc(-c3cccc(C(=O)c4ccccc4)c3)cs2)cc1,-7.3862,6.783,0.237,62.3,503.63,1,5,8
CCOC(=O)c1cc(c2ccccc2C(=O)CCC(=O)Nc2ccccc2C(=O)O)oc1CC(=O)c1ccc(OC)cc1,-7.3767,5.857,0.146,149.21,583.59,2,8,13
CC(C)(C)C(=O)Nc1ccc(S(=O)(=O)c2ccccc2COc2cccc3ccccc23)cc1,-7.3671,6.236,0.36,72.47,473.59,1,4,6
Cc1ccc(CN2C(=O)c3ccc(CN4CCCCC4)cc3C2c2ccc(O)cc2)cc1,-7.358,5.432,0.591,43.78,426.56,1,3,5
COc1cc(S(=O)(=O)c2ccc(N(=O)=O)cc2)cc(C(=O)c2ccccc2C(C)=O)c1OC,-7.3575,3.878,0.276,129.88,469.47,0,8,8
COc1ccc(-c2ncc(-c3ccc(Cl)cc3)cc2C=NOc2ccc(-c3ncccc3C3CCOCC3)cc2)cc1,-7.3547,8.447,0.137,65.83,576.1,0,6,8
CC(=O)N(c1ccc(OC(=S)c2cccc(N(C)C)c2)cc1)c1ccc(C(c2ccccc2)c2ccccc2C(F)(F)F)cc1C(=O)OCc1ccccc1,-7.3539,10.748,0.075,59.08,758.86,0,6,11
COc1ccc(S(=O)(=O)N2CCC(CN3N=Nc4cc(Cl)ccc4C3=O)CC2)cc1,-7.3487,2.554,0.595,94.39,448.93,0,6,5
O=C1C(=NNC(=O)C2CCN(S(=O)(=O)c3cccc(C4C=CC=CC4=O)c3)CC2)CCc2ccccc21,-7.3477,3.167,0.612,112.98,517.61,1,6,5
CN(Cc1cccc(C(=O)c2c(Cl)cccc2Cl)c1)C(=O)c1ccccc1C(=O)NCC(=O)c1ccccc1,-7.3406,6.109,0.251,83.55,559.45,1,4,9
CC(=O)Oc1ccc(C=NNc2cccc(C(=O)c3ccc(F)cc3)c2)c(N(=O)=O)c1,-7.3367,4.336,0.152,110.9,421.38,1,7,7
CC(=O)c1ccc(N2C=CN(CCNC(=O)c3ccc(N4C=CC(=O)c5ccccc54)cc3)C2=O)cc1,-7.3338,3.576,0.352,95.1,492.54,1,4,7
CCOCCCCc1cc(C(=O)c2ccc(C(=O)c3ccc4c(c3)C(=O)C(NC(CCc3ccccc3Cl)C(=O)OCCCNC(=O)c3ccccc3)C4)cc2)ccc1Nc1cc(Cl)ccc1Cl,-7.3307,11.273,0.033,139.9,973.39,3,9,23
COc1ccccc1C(=O)c1cc2ccccc2cc1COc1ccc(Cn2cccc2)cc1,-7.3257,6.508,0.255,40.46,447.53,0,3,8
COc1ccc(C(c2ccc(C(C)=Nc3ccccc3-c3cccnc3)cc2)C2CCN(c3ccccc3)CC2)cc1,-7.3238,8.946,0.181,37.72,551.73,0,4,8
Cn1c(CNC(=O)c2ccc(-c3ccc(-c4ccc(C5=CCNCC5)cc4)cc3)cc2)ccc1C1CCN(c2ccncc2Oc2ccccc2)CC1,-7.3166,9.237,0.149,71.42,699.9,2,5,10
CC(NC(=O)C(=O)NC(=O)c1ccc(S(=O)(=O)c2ccccc2)cc1)c1cccc(N(=O)=O)c1,-7.3159,2.561,0.312,152.55,481.49,2,7,6
COc1ccc(C(=O)Cc2ccc(N3C(=O)C4C=CC=C(OCc5ccccc5)COC(=O)C5CC6CCC6CC5=NC43C)cc2)cc1,-7.3133,6.891,0.151,94.5,644.77,0,7,8
COc1cc(OC(=O)CC(C)C)cc(C(=O)c2cccc(C3=C(c4ccc(OC(F)(F)F)cc4)C(=O)Oc4ccccc43)c2)c1,-7.3113,8.217,0.071,92.04,616.59,0,7,9
O=C(O)c1ccc(S(=O)(=O)c2ccc(-c3cc4ccccc4-c4nc(C5CC5)ncc34)cc2)cc1S(=O)(=O)N1CCCC1,-7.3096,5.643,0.233,134.6,613.72,1,7,7
COc1ccc(C(C)(Cc2ccc(N(=O)=O)cc2)c2ccc(S(=O)(=O)c3ccccc3)nn2)cc1,-7.3052,4.775,0.259,112.29,489.55,0,7,8
CC(C)=CCCC1(C)C(=O)OCC2=C1C=Nc1ccccc12,-7.2953,4.296,0.626,39.19,295.38,0,3,3
Cc1cc(NC(=O)c2ccccc2C=NNc2ccccc2)cc(C(=O)CN2CCOCC2)c1Cn1ccc(-c2ccccc2)n1,-7.2891,6.12,0.106,100.85,612.73,2,7,11
COc1ccccc1NC(=S)NC(=O)C=Cc1cc(c2ccc(S(=O)(=O)c3ccccc3)cc2)ccc1Cl,-7.289,6.375,0.201,84.5,563.1,2,5,7
COc1cc(C(=O)C=Cc2ccc(-c3ccc(S(C)(=O)=O)cc3)cc2)cc(OC)c1OC,-7.286,4.679,0.365,78.9,452.53,0,6,8
NOCC1CCCCC1C(=O)c1cccc(S(=O)(=O)c2ccccc2C(=O)c2ccccc2)c1,-7.2769,4.63,0.375,103.53,477.58,1,6,8
CCCCCCCCc1ccc(-c2ccccc2C(=O)NCc2ccc(-c3ccccc3C(=O)O)cc2)cc1C#Cc1ccccc1,-7.2764,9.952,0.102,66.4,619.81,2,2,13
CC(=O)Nc1ccc(C(=O)c2ccc(-c3nnc(Nc4ccccc4C)c(N(=O)=O)c3C)cc2)cc1,-7.2713,5.602,0.2,127.12,481.51,2,7,7
COC(=O)C1(C)CC(=O)C=C(C(=O)c2ccc(C(c3ccccc3)c3ccccc3)cc2)N1,-7.2668,4.428,0.35,72.47,439.51,1,5,6
CCc1cccc(S(=O)(=O)c2ccc(C3CNC(=O)CN3S(=O)(=O)c3ccccc3CC)cc2)c1,-7.262,3.506,0.522,100.62,512.65,1,5,7
CCOC(=O)c1cccc(S(=O)(=O)c2ccc(S(=O)(=O)N3CCC(c4cccc(C)c4)=N3)cc2)c1,-7.2592,3.803,0.445,110.18,512.61,0,7,7
Cc1ccc(C2C(=O)Oc3ccccc32)cc1,-7.2588,3.046,0.549,26.3,224.26,0,2,1
C=C1CCOc2cccc(S(=O)(=O)c3ccc(C(=O)c4ccc(F)cc4-c4cccc(C(=O)c5ccccc5OC)c4)cc3)c2OC1C,-7.2588,7.902,0.123,95.97,662.74,0,7,8
CCN(CC)CCNC(=O)c1ccc(C(=O)c2ccc(S(=O)(=O)c3ccc(C(=O)Nc4ccc(-c5cccc(S(=O)(=O)N6CCN(C)CC6)c5)cc4)cc3)cc2)cc1,-7.2584,5.677,0.127,153.27,822.02,2,9,15
O=N(=O)c1ccccc1CSCCc1ccc(C2=Nc3ccccc3C=C2)cc1,-7.2583,6.286,0.208,56.03,400.5,0,4,7
Cc1cc(C=C2C(=O)Nc3ccc(S(=O)(=O)c4ccccc4)cc32)nc(SCc2ccccc2)n1,-7.2544,5.403,0.217,89.02,499.62,1,6,6
COc1ccc(C(=O)Cn2cc(C(=O)c3c(-c4cccc5ccccc45)cnc4ccccc34)cn2)cc1,-7.2487,6.374,0.24,74.08,497.55,0,5,7
CC(=O)c1cccc(C(=O)c2cccc(NCC(=O)C(=CSN(C)C)c3ccccc3)c2)c1,-7.2425,5.352,0.251,66.48,458.58,1,6,10
CC1CN(C(=O)c2cccc(C#N)c2COc2ccc(C(=O)c3ccc4c(OCCCCN)cccc4c3)cc2)c2ccccc2O1,-7.2377,7.067,0.123,114.88,625.73,1,7,11
Cc1oc(C(=O)Nc2ccccc2)cc1C(Cc1ccc(S(C)(=O)=O)cc1)NC(=O)c1ccccc1,-7.2161,4.958,0.354,105.48,502.59,2,5,8
COc1ccccc1C(=O)Nc1cccc(CCc2cc(C(=O)N3CN(Cc4ccccc4)CC3c3ccccc3)[nH]n2)c1,-7.2107,6.113,0.206,90.56,585.71,2,5,10
CC(=O)c1cccc(-c2ccc(S(=O)(=O)c3cccc(C(=O)N(C)c4cccc(-c5nc6c(nc5C(F)(F)F)CN(C)CC6)c4)c3)cc2)c1,-7.2094,7.129,0.168,100.54,684.74,0,7,7
CCCCCCCCCc1ccc(Oc2ccccn2)cc1C(=O)CC(C(=O)c1ccccc1)c1ccc(C(=O)Nc2cc(C(F)(F)F)cc(c3nc(-c4ccccc4)cs3)c2)cc1,-7.2076,14.468,0.06,98.25,880.05,1,7,20
CC(NC(=O)c1cccc(C(=O)Nc2ccccc2)c1)c1ccc(OCCCOc2ccccc2)c(S(=O)(=O)c2cccc3c2OCC(=O)N3)c1,-7.2046,6.442,0.119,149.13,705.79,3,8,13
CCCCc1ccc(C(=O)C=CC(=O)NC2c3cccnc3-c3ccccc3C2O)cc1,-7.2033,4.735,0.423,79.29,426.52,2,4,7
CCOC(=O)c1ccc(S(=O)(=O)c2ccc(S(=O)(=O)c3ccc(C(=O)NCCC(N)=S)cc3)cc2)cc1,-7.1989,2.935,0.282,149.7,560.68,2,8,10
Cc1ccccc1NC(=O)COC(=O)c1cccc(S(=O)(=O)c2cccc3cccnc23)c1,-7.1948,4.172,0.433,102.43,460.51,1,6,6
COc1cccc(C(=O)c2sc(OC)cc2-c2cccc(C(=O)c3ccccc3Cc3ccccc3C)c2)c1,-7.1933,7.794,0.182,52.6,532.66,0,5,9
O=C1NC=C(c2ccc(OCC(=O)c3cccc(Cc4ccccc4)c3Cl)cc2)c2ccccc21,-7.1869,6.701,0.264,59.16,479.96,1,3,7
CCCCCCCCCCCCCCCCCc1cc(C(=O)c2cncc(-c3cccc(S(=O)(=O)N4CCN(C)CC4)c3)c2)ccc1O,-7.1813,9.035,0.09,90.81,675.98,1,6,21
COc1cccc(NC(=S)Nc2ccccc2Cl)c1OC(=O)c1ccc(S(=O)(=O)Cc2ccccc2)cc1,-7.1807,6.351,0.145,93.73,567.09,2,6,8
CC(Cl)=C(OCc1ccccc1)c1ccc(S(=O)(=O)c2ccc(C(=O)CNC(=O)Cc3ccccc3)cc2)cc1,-7.1796,6.205,0.17,89.54,574.1,1,5,11
CCOC(=O)C1=C(c2ccccc2)C(Cl)C(c2ccccc2)OC(=O)c2ccc(S(=O)(=O)c3cccc(F)c3)cc21,-7.1725,6.652,0.185,86.74,591.06,0,6,6
CC1CCC(C)(C)CC1C(=O)NCc1ccc(C(=O)c2ccc(S(=O)(=O)c3cccc(F)c3)cc2)cc1,-7.1695,5.968,0.389,80.31,521.65,1,4,7
Cc1cc(C(=O)Nc2ccc(S(=O)(=O)c3ccccc3)c(C(=O)c3ccc(S(C)(=O)=O)cc3)c2)nn1C(=N)NCCC(C)C,-7.1694,4.33,0.131,168.15,635.77,3,8,10
COc1ccc(C=CC(=O)c2cccc(-c3nnnn3Cc3cccc(C(F)(F)F)c3)c2)cc1OC,-7.1685,5.321,0.244,79.13,494.47,0,6,8
CCCCCCCCC(C)C(=O)NC(=O)COc1ccc2c(c1)C(=O)CN(c1ccc(C3=CCCCC3)cc1)c1ccccc1C2=O,-7.1641,8.618,0.189,92.78,634.82,1,6,13
Cc1ccc2ccc3c(C)ccc(c(C)c4ccc(c(N(=O)=O)c4)C3=O)c2c1,-7.1641,5.746,0.317,60.21,369.42,0,3,1
CCOC(=O)CCc1c(Cc2ccc(N3CCOCC3)cc2)ccc2c1N=NN(c1ccc(S(=O)(=O)c3ccccc3)cc1)C2=S,-7.1621,5.906,0.134,103.62,654.81,0,9,10
Cc1nc(C)c(S(=O)(=O)c2ccc(NC(=O)c3ccccc3)cc2)c(NC(=O)c2ccccc2)c1C,-7.159,5.344,0.372,105.23,499.59,2,5,6
COc1ccccc1CCN1CC(CCc2nnc(C(C)c3ccccc3)Nc3cc(F)cc(c3)nn2)OS1(=O)=O,-7.1581,5.828,0.343,117.31,578.67,1,9,9
CCCc1ccc(C2Cc3ccccc3C(=O)N2C(Cc2ccccc2)c2ccc(F)cc2)cc1,-7.1556,7.502,0.278,20.31,463.6,0,1,7
COC(=O)c1c(C)cccc1C=C(Nc1ccccn1)c1ccc(C(=O)c2ccccc2C)cc1,-7.1523,6.326,0.198,68.29,462.55,1,5,7
CC(=O)c1cccc(C(=O)c2ccc(C3=C(C(=O)Nc4ccc(C(=O)c5ccccc5)cc4)c4cc(c5ccccc5)ccc4C3=O)cc2)c1,-7.151,8.764,0.158,97.38,651.72,1,5,9
COc1ccccc1N(C(=O)c1ccc(S(N)(=O)=O)cc1)C(=O)c1cc2ccccc2cc1Oc1ccc(SC)cc1,-7.1476,6.497,0.16,116.0,598.7,1,7,8
CC(=O)Nc1ccc(C(=O)CCSc2ccccc2C(=O)c2ccccc2)cc1,-7.1468,5.241,0.413,63.24,403.5,1,4,8
COc1ccc(CC(=O)c2ccc(C(=O)c3ccccc3)cc2)cc1OCC(=O)O,-7.1452,3.815,0.546,89.9,404.42,1,5,9
COc1ccc(C2=C(c3ccc(-c4ccc(C(=O)c5ccccc5)cc4)cc3)C(=O)OC2=O)cc1,-7.1411,5.587,0.213,69.67,460.49,0,5,6
COc1cccc(-c2cccc(S(=O)(=O)C3=NC(=O)c4ccc(NC(=S)NCc5ccccc5)cc4C3=O)c2)c1,-7.1367,5.058,0.31,113.93,569.66,2,6,6
CCOC(=O)C1Cc2cccc(C(C)=CCNc3cccc(C(=O)c4cccc(Oc5ccncc5)n4)c3)c2N1,-7.1357,5.915,0.191,102.44,534.62,2,8,10
COC(=O)c1ccccc1NC(=O)c1cccc(C(=O)C2(C)CC(=C(C(=O)O)c3ccccc3)c3ccccc32)c1,-7.1305,6.265,0.161,109.77,545.59,2,5,7
COc1ccc(OC)c(C(=Cc2ccc(-c3ccc(C(C)C)cc3)cc2)C(=O)C(C)CCc2ccccc2)c1,-7.1271,8.873,0.147,35.53,518.7,0,3,11
CC(C)c1ccccc1Nc1ccc(-c2cc(C(=O)NF)nc(CS(=O)(=O)c3ccc(C(C)(C)C)cc3)n2)cc1,-7.118,6.896,0.228,101.05,560.7,2,6,8
NC(=O)CCCCC(=O)c1cccc(NCN=Cc2ccccc2-c2ccccc2)c1,-7.1179,5.071,0.261,84.55,413.52,2,4,11
COc1ccc(-c2ccc(F)cc2)cc1CCCc1ccc(S(=O)(=O)c2ccc(S(=O)(=O)Nc3ccccc3C#N)cc2)cc1,-7.1098,7.182,0.164,113.33,640.76,1,6,11
COC1=C(c2ccc(NC(=N)NS(=O)(=O)c3ccccc3)cc2)Oc2c(O)cc(O)cc2C1=O,-7.0884,3.205,0.214,161.95,481.49,5,8,5
CCNC(=O)C1=C(CCOC(=O)Cc2ccccc2)c2ccccc2CC1c1cccc(-c2cccc(S(=O)(=O)c3ccccc3C(F)(F)F)c2)c1,-7.0869,8.611,0.138,89.54,723.81,1,5,11
CC(=O)C1C(=O)NC(=O)C1OC(=O)c1ccc(-c2ccccc2)cc1,-7.078,1.741,0.521,89.54,337.33,1,5,4
CCCCc1ccc(C=CC(=O)c2ccc(OC)cc2)c(C(=O)c2ccc(C#N)cc2)c1,-7.078,6.037,0.311,67.16,423.51,0,4,9
O=C(C1=Cc2ccccc2-c2c1CCC1CCN2C1)c1ccc(F)cc1,-7.0659,4.982,0.61,20.31,345.42,0,2,2
CCOC(=O)c1ccc(S(=O)(=O)c2ccc(OC3=NC(=O)C(S(=O)(=O)c4ccccc4)=C(c4ccc(N5CCN(C)CC5)cc4)C(N)=C3)cc2)cc1,-7.0628,5.077,0.189,166.27,740.86,1,12,10
O=C(SN=Cc1ccccc1)C1Cc2cc(-c3ccc(S(=O)(=O)c4ccc5ccccc5c4)cc3)ccc2O1,-7.0499,6.937,0.17,72.8,549.67,0,6,6
CCCCC=C(CC)C(=O)c1ccc(-c2ccc(NCCNc3ccc(C(=O)C4=CNC(=O)C=C4)cn3)cc2Cl)cc1,-7.0383,7.555,0.081,103.95,583.13,3,6,14
CC(=O)c1cc(-c2ccc(S(=O)(=O)c3ccc(-c4ccc(N(C)C)cc4)cc3)c(CC(C)C)c2)cs1,-7.0336,7.382,0.229,54.45,517.72,0,5,8
CCOc1ccc(c2ccc(C(=O)c3cccs3)cc2)cc1C[N+](C)(C)CCC(=O)Nc1ncc(-c2ccccc2C(=O)O)s1,-7.0303,7.472,0.102,105.59,640.81,2,7,13
CCC(=NNc1ccc(-c2ccc(-c3cc(c4ccccc4C(F)(F)F)ccc3C(C)=O)cc2)cc1)C1CCN(Cc2nc(C)nn2C)c2ccccc21,-7.0289,10.718,0.086,75.41,726.85,1,6,10
C=CCN(Cc1ccccc1)c1ccccc1C(=O)c1ccc(C(=O)c2ccco2)cc1,-7.0282,5.934,0.248,50.52,421.5,0,4,9
c1ccc(CC(c2ccccc2)c2ccc(C3CCCN3Cc3ccccc3)cc2)cc1,-7.0251,7.398,0.303,3.24,417.6,0,1,7
CC1=C(c2ccccc2)c2ccccc2Oc2ncc(C(=O)c3c(F)cccc3C(=O)c3ccccc3F)cc21,-7.0236,7.907,0.217,56.26,529.54,0,4,5
COc1ccc(C2c3ccccc3C(=O)C2Cn2cc(C(=O)N3CCCC3)cn2)cc1OC,-7.0169,3.781,0.577,73.66,445.52,0,5,6
Nc1ccc(S(=O)(=O)c2ccc(C(=O)c3cnccc3C(=O)c3ccccc3C(=O)c3ccccc3)cc2)cc1,-7.0141,5.19,0.21,124.26,546.6,1,7,8
NC(=O)c1ccccc1CC1(c2csc(NC(=O)c3cccc(N4N=CC=C5SCSC(=O)C54)c3)n2)CC1,-7.012,4.791,0.426,117.75,561.71,2,9,7
CCCC(=O)Oc1ccc(-c2cccc3c(OCCC4CCCCC4)nccc23)cc1OC,-7.008,6.965,0.262,57.65,447.58,0,5,9
CC(Cc1ccc(Nc2cccc(S(=O)(=O)c3ccccc3)c2)cc1)Cc1cc(CC(N)=O)cc(S(=O)(=O)c2ccccc2)c1,-6.9763,6.545,0.16,123.4,638.81,2,6,12
NC(=O)c1ccc(-c2cc(-c3ccccc3)cnc2CCOc2ccc(-c3cncc(S(=O)(=O)c4ccccc4)c3)cc2)cc1,-6.9701,7.031,0.178,112.24,611.72,1,6,10
CC(=O)c1cn(S(=O)(=O)c2ccc(C(=O)O)cc2)c2ccc(S(=O)(=O)c3ccccc3)cc12,-6.9625,3.612,0.415,127.58,483.52,1,6,6
CNC(=O)CN1C(=O)c2ccccc2C1(NC(=O)c1ccc(-c2ccccc2)cc1)c1ccc(C(=O)c2ccccc2C)cc1,-6.9622,5.726,0.225,95.58,593.68,2,4,8
Cc1ccc(S(=O)(=O)c2ccc(C(=O)C34CC3CC3C(c5ccccc5F)CCCC3(c3cc(C#N)ccc3O)C(=O)O4)cc2)cc1C(=O)N(Cc1ccco1)C(=O)C(C)C,-6.9619,8.372,0.106,172.05,842.94,1,10,10
Cc1ccc(-c2ccc(C(=O)C(=O)CN3C=NC(=O)c4ccccc43)cc2)cc1,-6.956,3.824,0.389,69.03,382.42,0,4,5
CCCCCC(CC)(NC(=O)c1ncc[nH]1)c1cc(Oc2ccc(C(=O)c3cccc(C(=O)N4CCN(c5ccccc5)CC4)c3)cc2)ccc1F,-6.9524,8.15,0.089,107.63,701.84,2,6,14
COc1ccc(-c2cc(C(=O)c3cccc(Nc4ccc(C(=O)N5CCCC5)cc4CF)c3CNC3CCc4ccccc43)cc(c3ccc(C4CCC5CCC(C4)N5C)cc3)c2)cc1,-6.9505,12.217,0.113,73.91,867.12,2,6,13
N#Cc1cncc(COC2C(=O)c3ccccc3N2c2ccc(S(=O)(=O)F)cc2)c1,-6.9451,3.489,0.579,100.36,423.43,0,7,5
NC(=O)CC(c1ccccc1)c1ccc(CN2C(=O)c3cc(c4ccccc4)ccc3C(=O)c2N)cc1,-6.9355,4.484,0.399,106.49,489.58,2,4,7
NCCCCCOc1ccccc1C(=O)CN1C(=O)c2ccc(S(=O)(=O)c3ccccc3)cc2C1=O,-6.926,3.506,0.24,123.84,506.58,1,7,11
Cc1cccc(S(=O)(=O)c2cccc3c(-c4ccccc4C4CN(c5ccccc5C(=O)c5ccccc5)C4=O)cccc23)c1,-6.922,8.009,0.136,71.52,607.73,0,4,7
Cc1ccc(S(=O)(=O)c2ccc(C(=O)OCCN3C(=O)NCCc4ccccc43)cc2)cc1,-6.9184,3.757,0.561,92.78,464.54,1,5,6
Cc1cc(C2CCCO2)ccc1C(=O)c1ccc(S(=O)(=O)NC(=O)c2ccncc2)cc1,-6.9168,3.591,0.576,102.43,450.52,1,6,6
C=CCCCCSCCC(=O)c1ccc(S(=O)(=O)c2ccc(N(CCCCCC)C(=O)c3cccnc3)cc2)cc1,-6.9163,7.804,0.085,84.41,592.83,0,6,18
COCCCN(Cc1ccc(S(N)(=O)=O)cc1)c1cccc(CC2CCCN(C(=O)c3cccc(C(F)(F)F)c3)C2)n1,-6.9069,4.886,0.313,105.83,604.7,1,6,11
CC(C)C(=O)c1ccccc1Oc1cccc(C(OC(=O)c2cccc(N(=O)=O)c2)C(C)C)c1,-6.9057,6.78,0.151,95.74,461.51,0,6,9
NCCCC(=O)Nc1cccc(C(=O)c2ccc(S(=O)(=O)c3cc(-c4ccc(-n5cccc5)cc4N)cnc3C(F)(F)F)cc2)c1,-6.902,5.882,0.127,150.17,647.68,3,7,10
CN(CC1=CC(=O)c2ccccc2C1=O)c1ccc(C(=O)CNC(=O)c2cccc(S(=O)(=O)c3ccccc3)c2)cc1,-6.8987,4.574,0.289,117.69,578.65,1,7,9
CC1CCCCN1C(=S)Nc1ccc([SH](=O)(c2ccccc2)c2ccc(S(N)(=O)=O)cc2)cc1,-6.8956,4.399,0.345,92.5,515.73,3,4,5
CN(C)CCOc1ccccc1C1=NC(=O)c2c(sc(C(=O)c3ccccc3)c2CCC(=O)O)N1,-6.8953,3.84,0.324,112.59,491.57,2,7,10
C=CCN(CCCCCCCCCC)C(=O)COc1ccc(C2=CC(=O)c3ccccc3N2)cc1,-6.8925,6.729,0.196,62.4,474.65,1,3,15
COc1ccc(S(=O)(=O)OC2C(=O)OC(c3cc(-c4ccc(C)cc4)ccc3OCC(N)=O)C2O)cc1,-6.8925,2.268,0.315,151.45,527.55,2,9,9
COc1ccc(S(=O)(=O)Oc2ccc(N3C(=O)C(=O)C(=Cc4ccccc4)SC3=S)cc2)cc1Cl,-6.8815,5.091,0.183,89.98,546.05,0,8,6
COc1cc(C(=O)c2ccc(NC(=O)C(=O)c3ccccc3)cc2C)cc(OC)c1OC,-6.88,4.073,0.425,90.93,433.46,1,6,8
CN(CCN=C(O)c1ccc2[nH]cc(CCCCC(=O)N3CCNCC3)c2c1)Cc1ccc(S(=O)(=O)c2ccc(C(=O)CCc3ccc(N(=O)=O)cc3)cc2)cc1,-6.8713,6.306,0.023,178.31,792.96,3,9,18
CCCC(=O)c1c(C(=O)c2ccc(C(C)=N)cc2)oC(CNC(=O)c2ccccc2)C1,-6.8649,4.099,0.473,96.32,418.49,2,5,9
CC(C)CC(NC(=O)c1ccc(C(=S)NCCCN(C)c2ccc3c(c2)CCCO3)cc1)C(=O)c1ccccc1Cl,-6.8506,6.484,0.143,70.67,592.21,2,5,12
O=C(O)c1ccc2c(-c3ccccc3)nnc(SCc3ccccc3F)c2c1,-6.8317,5.426,0.461,63.08,390.44,1,4,5
COc1ccc(Nc2cc3ccccc3c(-c3ccc(C(C)=O)cc3)n2)cc1,-6.8283,5.857,0.449,51.22,368.44,1,4,5
Cc1cccc(C2CCCC2N2N=C3c4ccccc4CCN3CC3C(C2=O)N3C(=O)NCC2CCC2)c1,-6.8275,4.256,0.624,68.02,511.67,1,4,4
CCCCCCCCCc1ccc(OCCCOc2ccc(C(C)C)cc2)c(OC)c1,-6.8255,7.96,0.255,27.69,426.64,0,3,16
COc1ccc(C(=O)c2ccc(C3=NC(=O)C(COCc4ccco4)=C3N)cc2)cc1,-6.8192,3.278,0.565,104.12,416.43,1,6,8
CCCCCCCCCCCCOC(=O)CCCCCCCCCCCNC(C(=O)CCCCCc1ccccc1)C(=O)OC(C)(C)C,-6.795,11.024,0.047,81.7,672.05,1,6,32
CCCCCCCCCCCCCCC(=O)CCCCCc1ccccc1C(=O)c1ccc(C(C)=O)cc1,-6.7741,9.883,0.115,51.21,518.78,0,3,22
CCCCCCCCC(=O)C(=O)N1CCCC1Cc1ccccc1,-6.7681,4.54,0.467,37.38,329.48,0,2,10
CCNc1ncc(-c2ccccc2)c(Oc2c(C)cccc2C(=O)c2ccc(NC(=O)c3ccccc3)nc2)c1C(=O)O,-6.7649,6.858,0.155,130.51,572.62,3,7,10
CCC(C(=O)C(=O)NCC(c1ccccc1)c1ccccc1)C(=O)c1ccc(C)c(N(=O)=O)c1,-6.7623,4.63,0.157,106.38,458.51,1,5,10
COCCc1ccc(C2=Cc3cc(c4ccccc4)ccc3S(=O)(=O)N2)cc1,-6.7606,4.333,0.704,55.4,391.49,1,3,5
O=C1CCC2(c3ccccc3Cl)CCN(CC2)c2cc(C=NOc3ccccc3)ccc21,-6.7577,6.268,0.352,41.9,444.96,0,4,4
O=C(O)C1CC(c2ccc(Oc3ccccc3)cc2)CC1=O,-6.7565,3.626,0.875,63.6,296.32,1,3,4
O=C(NCCCc1ccccc1)c1ccc(C2=Nc3ccccc3C(=O)O2)cc1,-6.7546,4.218,0.505,72.2,384.44,1,4,6
Cc1ccccc1C(=O)c1ccccc1N1CCN(Cc2nnnn2-c2ccc(Cl)cc2)CC1,-6.7351,4.177,0.392,67.15,472.98,0,6,6
CCC1CCN(S(=O)(=O)c2ccc(S(=O)(=O)c3cccc(N4C(=O)CSC4=S)c3)cc2)CC1,-6.7251,3.695,0.532,91.83,524.71,0,7,6
CC(=O)c1ccc(C(=O)c2ccc(C(C)c3ccc(N4CCN(C)CC4)cc3)cc2)cc1,-6.7249,5.024,0.519,40.62,426.56,0,4,6
O=C(O)C1=CN(Cc2ccc(-c3ccccc3Cl)cc2)C(N=C(c2ccccc2)c2ccccc2)c2ccccc21,-6.6956,8.485,0.205,52.9,555.08,1,3,7
NCCCCC(NC(=O)c1ccccc1)c1cc(C(=O)c2ccccc2C(=O)c2ccccc2F)ns1,-6.669,5.344,0.207,102.15,515.61,2,6,11
Cc1ccc(CCC2CN(CC(C)C)c3ccc(F)cc3C(Oc3ccccc3C(=O)NCc3cccc(C(F)(F)F)c3)C2=O)cc1,-6.6603,8.497,0.176,58.64,646.73,1,4,10
COc1ccc(C(=O)C=Cc2cccc(-c3ccccc3)c2)cc1,-6.6569,5.258,0.474,26.3,314.38,0,2,5
COc1cccc(C2=C(c3ccc(C(=O)c4ccc(Cl)cc4)cc3)SC(=O)N2)c1,-6.6401,5.663,0.423,59.16,421.91,1,4,5
COc1cc(NC(=O)c2ccc(S(=O)(=O)c3ccccc3)cc2)cc(N(=O)=O)c1,-6.6346,3.689,0.488,115.61,412.42,1,6,6
CC(C(=O)c1ccc(S(=O)(=O)c2ccccc2)cc1)c1ccccc1C=Cc1ccccc1,-6.6299,6.676,0.232,51.21,452.58,0,3,7
COC(=O)c1cnc(C(=O)c2ccc(S(=O)(=O)C=C3SC(=Nc4cccc(C(F)(F)F)c4)C(=O)N3O)cc2)cc1C,-6.6247,4.694,0.24,143.3,605.57,1,10,6
O=C(O)c1ccc(C(=O)CSc2nnc(C(=O)c3ccncc3)s2)cc1,-6.6115,2.837,0.488,110.11,385.43,1,8,7
CC(=O)NCCC(=O)c1ccccc1NC(=O)C1=NNC(=O)C1CCC(=O)c1ccc(-c2ccccc2)cc1,-6.6106,3.766,0.329,133.8,524.58,3,6,11
CSC(=N)c1cccc(-c2ccc(S(=O)(=O)Nc3ccc4c(c3)CCO4)cc2)c1,-6.6052,4.778,0.456,79.25,424.55,2,5,5
O=C(N=C1C=NC2(CCCCC2)c2ccccc21)c1ccccc1-c1ccccc1,-6.5949,6.227,0.51,41.79,392.5,0,2,2
O=S(=O)(c1ccccc1)c1cccc(C(CCC2CCCN(Cc3ccc4ccccc4c3)CC2)c2ccccc2)c1,-6.5936,8.887,0.177,37.38,573.8,0,3,9
CCOC(=O)c1cnc(N2CCC(C(=O)c3ccccc3)=NN2C(=O)c2ccc(C)cc2)cc1C(=O)N1CCCCC1c1ccccc1C,-6.5715,6.749,0.152,112.48,657.77,0,8,8
C=CCCCCNC1=C(C2(OC(=O)C(C)C)CCCCC2)C=Cc2ccccc21,-6.563,6.967,0.284,38.33,393.57,1,3,9
CCC1CC(=O)c2ccc(C(c3ccc(OC)cc3)c3nccc(N4C(=O)CCc5ccccc54)c3C)cc2C1=O,-6.5596,6.985,0.262,76.57,544.65,0,5,6
CC(C)c1ccc(S(=O)(=O)c2ccccc2-c2cc(CNC(=O)c3ccc(Cl)cc3)ccc2C(=O)c2ccccc2F)cc1,-6.55,8.263,0.167,80.31,626.15,1,4,9
COc1ccc(C(=O)C(CS(=O)(=O)Cc2ccc(C)cc2)c2ccccc2)cc1OC,-6.5426,4.594,0.457,69.67,438.55,0,5,9
CC(=O)OC(=CC(=O)c1ccc(F)c(C=Cc2ccccc2NC(=O)c2ccccc2C)c1)CC1CCCCC1,-6.513,8.157,0.098,72.47,539.65,1,4,9
CSc1ccc(C2=Nc3ccccc3C(=O)N2c2ccc(Cl)cc2C(=O)c2ccccc2)cc1,-6.5043,6.659,0.207,51.96,482.99,0,4,5
CCN(C(=O)c1ccccc1C)c1ccc(S(=O)(=O)c2c(F)cc(S(C)(=O)=O)c(O)c2C(=O)NCC=C(C)C)cc1,-6.4499,4.439,0.346,137.92,602.71,2,7,9
O=C(O)c1ccc(C(=O)CSc2ncccc2N=Cc2ccc(C3=NCCN3)cc2)cc1,-6.4111,3.855,0.311,104.01,444.52,2,7,8
O=C(NC(=O)c1ccccc1C(=O)c1cccc(N(=O)=O)c1)c1ccc(C(F)(F)F)cc1,-6.4106,4.415,0.273,106.38,442.35,1,5,5
CCCCCCCCCCCCCCCC=CCC(=O)OCC(C)=CCOc1ccccc1C(=O)CO,-6.4002,8.158,0.069,72.83,514.75,1,5,23
Cc1ccc2cc(CCNC(=O)c3ccccc3)nc(Oc3ccccc3)c2c1,-6.3988,5.308,0.492,51.22,382.46,1,3,6
CCOc1ccccc1C(=O)C(=O)c1ccccc1OCc1ccccc1,-6.3902,4.73,0.43,52.6,360.41,0,4,8
CC(C)C(C)c1ccc(C=C2C(=O)Nc3ccc(N(=O)=O)cc3C2=O)cc1,-6.3894,4.573,0.372,89.31,364.4,1,4,4
Cc1ccccc1CN1CCCC(c2nnc(OCc3ccccc3)o2)C1,-6.3718,4.337,0.652,51.39,363.46,0,5,6
O=C(COc1ccc(C2=NC(=O)c3ccc(N4CCOCC4)nc3C2=O)cc1)c1ccccc1,-6.3672,3.006,0.527,98.16,455.47,0,7,6
Cc1cc(C(=O)CSc2nncc(-c3ccc(Cl)cc3)n2)ccc1C(=O)NCC1CCN(CCO)c2ccccc21,-6.3573,5.191,0.193,108.31,588.13,2,8,10
CCN1C(=O)C(=O)C(C(OCCc2cccc(S(=O)(=O)c3ccccc3)c2)c2ccccc2)=N1=O,-6.3509,3.117,0.258,106.82,492.55,0,6,9
CC(=O)c1ccc(C(=O)CN2C=C(C(=O)c3ccccc3)C=CC2=O)cc1,-6.3337,3.165,0.634,73.21,359.38,0,4,6
Cc1ccc(S(=O)(=O)c2ccc3c4nc(ccC(c5ccccc5)C(=O)N3)c2C(=O)c2ccccc2C4=Nc2ccccc2)cc1,-6.3064,6.232,0.256,105.56,621.72,1,6,4
C=C(CC)c1ccc(-c2ccccc2C(=O)c2ccc(NCCCCN)c(Cl)c2)cc1,-6.2801,6.812,0.273,55.12,433.0,2,3,10
CC(C)(C)c1ccc(Nc2nc3ccccc3nc2C(=O)Oc2ccc(C(F)(F)F)cc2Cl)cc1,-6.2787,7.562,0.232,64.11,499.92,1,5,4
COc1ccc(C2C(=O)c3ccccc3C3CCCC(=O)C32)cc1,-6.2736,4.128,0.835,43.37,320.39,0,3,2
COc1ccccc1C1C(=O)C(Cc2ccccc2)c2ccccc2N1C(=O)C1CCN(C(=O)c2ccncc2)CC1C,-6.27,5.872,0.288,79.81,573.69,0,5,6
CCCN(CCC)C(=O)CN(c1ccccc1)S(=O)(=O)c1cccc(N(=O)=O)c1,-6.2672,3.439,0.434,100.83,419.5,0,5,10
COc1ccc(-c2cnc(NCC(O)c3cccc(Oc4ccccc4)c3)nc2)cc1,-6.2563,5.09,0.419,76.5,413.48,2,6,8
COc1cccc(C2=Nc3ccccc3C(=O)N2c2ccccc2N(=O)=O)c1,-6.2434,3.97,0.399,87.26,373.37,0,5,4
NC1=NC(=O)c2ccccc2N=C1N1cc2ccc3ccccc3C2(C(=O)c2ccccc2)CC1,-6.2304,4.514,0.454,89.18,458.52,1,6,3
CSC1=NC(=O)C(C(=O)c2cccc(C#Cc3ccccc3)c2)=C(C)N1,-6.2136,3.431,0.336,62.82,360.44,1,4,3
CCc1ccccc1NC(=O)COc1nnc(Nc2cccc(F)c2)n2c(-c3ccccc3)cc(F)c12,-6.1971,5.998,0.274,80.55,499.52,2,5,8
CCOC(=O)C1CCCN1C(=O)c1ccc(-c2ccc(C(=O)N(CC(O)CCCC(O)(c3ccccc3)c3cccc(C(N)=O)c3)c3ccccc3C)cc2)cc1,-6.1948,7.043,0.097,150.47,767.92,3,7,15
CCCCCC1C(=O)Oc2ccccc21,-6.1879,3.27,0.427,26.3,204.27,0,2,4
CC1(N(CCO)Cc2ccccc2C(=O)c2cccc(N(=O)=O)c2)CCCCC1,-6.1873,4.343,0.408,83.68,396.49,1,5,8
O=C1NC(NNC2Cc3ccccc3C2=O)=Nc2ccc(c3ccccc3)cc21,-6.1859,3.314,0.472,86.88,382.42,3,5,4
CCc1ccc(C(C(=O)Nc2cc(C3CC3)ccc2Cl)c2ccccc2)nc1,-6.1722,5.945,0.565,41.99,390.91,1,2,6
COc1ccccc1CNc1ccc(Cn2cc(-c3ccccc3OC)cn2)nc1,-6.1601,4.623,0.468,61.2,400.48,1,5,8
O=C(CCCCCC[N+](Cc1ccccc1)c1ccccc1C(=O)c1ccccc1Cl)c1ccccc1,-6.1325,8.376,0.103,40.04,510.08,0,3,13
CC(C)N(C[IH]CC(=O)c1ccc(C(=O)c2ccc(S(C)(=O)=O)cc2)cc1)c1ccc(C=C(c2ccccc2)c2ccc(Cl)cc2)cc1,-6.1193,9.322,0.039,71.52,790.16,0,5,13
O=C(CSC1=NC(=O)c2ccccc21)c1ccc(Cl)cc1,-6.1183,3.857,0.808,46.5,315.78,0,3,3
COc1ccc(C(COC(=O)c2ccccc2)N2CCc3ccccc3C2)cc1,-6.1154,4.652,0.577,38.77,387.48,0,4,6
O=C(O)c1ccc(C2(CCc3ccccc3)Nc3ccccc3C2=O)cc1,-6.1106,4.521,0.704,66.4,357.41,2,3,5
Cc1ccc(C2SC(=O)C(Cc3ccccc3)C2=O)cc1,-6.0882,3.738,0.809,34.14,296.39,0,3,3
COc1ccccc1CN1C=C(C(=O)c2ccccc2)C(=O)c2ccccc21,-6.0858,4.289,0.493,48.3,369.42,0,3,5
CCN(CC)S(=O)(=O)c1ccc(C(=O)C(c2ccccc2)c2ccccc2Cc2ccccc2Cn2ccnc2)cc1,-6.0827,6.568,0.157,72.27,577.75,0,4,12
CC(c1ccc(C(C)(C)C)cc1)c1nnc(CCC(=O)Nc2ccc(Cl)c(Cl)c2)nc1C(=O)O,-6.0767,5.897,0.418,105.07,501.41,2,5,7
CSc1ccc(OC(C(=O)C2=Cc3ccccc3S2(=O)=O)C(=O)c2ccccc2)cc1,-6.0521,4.436,0.301,77.51,450.54,0,6,7
Nc1ccc(C(=O)c2cc(-c3ccccc3)c3ccccc3n2)cc1,-6.0385,4.715,0.438,55.98,324.38,1,3,3
O=C(COc1ccccc1)Nc1cccc2c(C3=CC(=O)c4ccccc4C3=O)c[nH]c12,-6.0328,4.648,0.49,88.26,422.44,2,4,5
O=C(Nc1ccc(-c2ccc(C3=NCCN3)cc2)cc1)c1cccc(-c2ccc(-c3ccccc3C3=CC(=O)c4ccccc4C3=O)cc2)c1,-6.031,8.752,0.181,87.63,649.75,2,5,7
COc1cccc(C(=O)Oc2ccc3nc(SC)c(C=O)cc3c2C)c1,-6.0293,4.305,0.29,65.49,367.43,0,6,5
CC(C)(Oc1cccc(N2C(=O)CCC2=O)c1)c1ccc(S(=O)(=O)c2cccc(S(=O)(=O)N3C(=O)NC(=O)C3CS)c2)cc1,-6.0272,3.026,0.2,164.3,657.75,2,10,9
OC(CCc1cncnc1)c1ccc(OCc2cnccc2Sc2ccccc2)cc1,-6.0201,5.268,0.391,68.13,429.55,1,6,9
O=C(CN1C(=O)CC(c2ccc(F)cc2)C1=O)c1ccc2ccccc2c1,-6.0181,3.704,0.526,54.45,361.37,0,3,4
COc1ccc(C2=Cc3c(OCOc4cc(NC(=O)c5ccc(Cl)cc5)ccc4C(=O)NCCCN4CCCC4)ccc(O)c3C(=O)CC(C)C(=O)N2)cc1,-6.0005,6.774,0.085,155.53,767.28,4,9,13
COc1ccc(C2N=C(N)C(=O)C(c3ccc(OC)cc3)C2c2ccccc2)cc1,-5.9965,4.252,0.695,73.91,400.48,1,5,5
O=C(CSc1ccc(C(=O)c2cccnc2)cc1)Cc1ccccc1,-5.9607,4.217,0.474,47.03,347.44,0,4,7
C=CC(=O)c1ccc(C2=C(c3ccc(C(=O)c4ccccc4Cl)cc3)C(=O)c3cccc(C#N)c3C2=O)cc1,-5.9432,6.801,0.203,92.07,527.96,0,5,6
CCOc1ccc(C(=O)CSc2nccc(C(=O)c3ccccc3)n2)cn1,-5.9389,3.476,0.337,82.04,379.44,0,7,8
CCC(C)(C)C1C(=O)C(C)=CC2C(=O)OC3c4cc(-c5ccccc5)ccc4C(=O)C3OC(=Nc3ccc(C(F)(F)F)cc3)C21,-5.9295,8.096,0.277,82.03,615.65,0,6,4
CCC1=NN(c2ccc(NC(=O)Cc3ccccc3)cc2)C(=S)c2ccccc21,-5.8996,5.499,0.451,46.92,399.52,1,3,5
COCCC(c1ccc(OC)cc1)c1ccc2cc1OC=C(c1ccc(OC)cc1)N2,-5.8965,5.675,0.511,48.95,417.51,1,5,8
COc1ccc(-c2ccc3nc(C)cc(SCc4ccccc4)c3c2)cc1,-5.8944,6.511,0.373,22.12,371.5,0,3,5
CCCS(=O)(=O)N1C(=O)C2CCC3C4(C)CC(=O)C(=O)CC4C3(C)CC(c3ccc(OCC4CCCCC4)cc3O)C2C1=O,-5.8848,5.15,0.324,135.12,627.8,1,8,7
COc1ccc(C2=C(c3ccc(N(=O)=O)cc3)C(=O)OCOC3=CC(=O)CCC3=NO2)cc1,-5.8813,3.622,0.393,126.56,450.4,0,9,4
Cc1ccc(C(=O)CCN2C(=O)Nc3ccccc32)cc1C(N)=O,-5.874,2.01,0.703,97.95,323.35,2,3,5
COc1ccccc1C1=NN(CC2(Cc3ccccc3)CCO2)C(=O)C1=O,-5.8712,2.212,0.737,68.2,364.4,0,5,6
COc1ccc(C2=C(OC(=O)C(c3ccc(N(=O)=O)cc3)c3c(C)cccc3C)C(=O)c3ccccc32)cc1,-5.8595,6.551,0.156,95.74,519.55,0,6,7
C=CCC(SC=Cc1ccc(C#N)cc1)c1cccc(S(=O)(=O)NC(=S)NSc2ccc(C)cc2)c1,-5.8557,6.748,0.164,81.99,551.78,2,6,10
CC(=O)c1cccc(C(=S)Nc2ccc(S(=O)(=O)n3ccnc3)cc2)c1,-5.8548,3.11,0.537,81.06,385.47,1,5,5
CCCCCCCCCCCC(=O)OC(C(=O)O)C(O)C=Cc1ccccc1,-5.8308,4.978,0.326,83.83,390.52,2,4,15
CC(=O)Cc1csnc1CN1CCN(Cc2ccc(-c3ccccc3)cc2)CC1Cc1ccccc1,-5.823,5.871,0.291,36.44,495.69,0,5,9
COc1ccccc1CN1CCc2cc(NC(=O)CSc3cc(C)cc(C)n3)ncc2C1=O,-5.8032,4.031,0.534,84.42,462.58,1,6,7
CC(=CC1C2CCC(C)N=C2C(=O)C(O)C1O)CCCN1CCC(C(=O)c2ccccc2)CC1,-5.7987,3.468,0.474,90.2,466.62,2,6,7
Cn1c(CSc2ccnc(NC3CCC3)n2)cnc1SCC(=O)Nc1ccccc1Cl,-5.7912,4.851,0.338,84.73,475.04,2,7,9
CCCCCCOC(=O)C(=O)c1ccc(C(C)C)cc1,-5.7875,4.116,0.31,43.37,276.38,0,3,8
O=C(c1cccc(Br)c1)c1cn(c2c(F)cccc2F)nc1-c1ccccc1,-5.7653,5.811,0.376,34.89,439.26,0,2,4
CCc1ccccc1N(Cc1ccccc1)C(=O)CN1C(=O)C[n+]2ccccc2C1=O,-5.7328,2.752,0.46,61.57,414.49,0,3,6
NCCCCOc1cccc2c1-c1ccccc1C(=O)C2=O,-5.7273,2.85,0.68,69.39,295.34,1,4,5
CNC(=S)N1N=CC(C2=Nc3ccccc3C(=O)C2=O)=Cc2ccccc2C=C1c1ccccc1Cl,-5.7238,5.72,0.276,76.35,511.01,1,5,2
COc1ccc(NC(=S)NCC(O)c2ccccc2)cc1OCc1ccccc1C,-5.7231,4.603,0.461,62.75,422.55,3,4,8
Cc1ccc(CCCCCC(=O)NC(=S)Nc2ccccc2)cc1Cl,-5.7114,5.265,0.512,41.13,374.94,2,2,7
N#CC1CN(Cc2ccccc2)CCC1c1ccc(OCc2ccc(F)cc2)cc1,-5.6924,5.534,0.545,36.26,400.5,0,3,6
COc1ccccc1NC(=O)CN1C=CN(C(C)c2ccccc2C)c2ccccc2C1=O,-5.6303,5.137,0.576,61.88,441.53,1,4,6
CCOCCCNC(=O)C(Cc1ccc(-c2ccccc2)cc1)C(N)=O,-5.5676,2.54,0.508,81.42,354.45,2,3,10
O=C(O)c1cccc(-c2cccc(C3CCOCC3)c2S(=O)(=O)c2ccncc2)c1,-5.5476,4.174,0.662,93.56,423.49,1,5,5
CC(=O)c1ccc(C2CC3OCc4ccccc4C3(c3ccccc3)O2)cc1,-5.5282,5.193,0.595,35.53,370.45,0,3,3
CNC(=O)CC1C(=O)CC(c2ccc(NC(C)=O)cc2)c2ccc(O)cc21,-5.5201,2.675,0.775,95.5,366.42,3,4,4
CC(C)=CCCC(C)C(=O)C=Cc1ccc(OC(=O)c2sccc2C)cc1,-5.5046,6.241,0.235,43.37,382.53,0,4,8
O=C1C2=Nc3ccccc3N2C(c2ccc(O)cc2)c2ccccc21,-5.486,3.924,0.508,55.12,326.36,1,3,1
CCOC(=O)c1c(C)cc(C(C)=O)nc1SCC(=O)Nc1ccccc1,-5.4784,3.5,0.455,85.36,372.45,1,6,7
Cs1ccccc1N1CCCCC1(CCCN1CCN(Cc2ccccc2)CC1)c1ccc(-c2ccnc(C#N)c2)cc1,-5.4401,7.012,0.251,46.4,589.85,0,5,9
Nc1ccc(-c2cccnc2-c2ncc(CN3CCN(C(=O)c4cccs4)CC3)cc2Cl)cc1,-5.4101,5.066,0.396,75.35,490.03,1,6,5
CC(=O)Oc1ccc(C2=NCC(=Cc3ccc(C)cc3)O2)cc1,-5.4078,3.738,0.641,47.89,307.35,0,4,3
O=C(NC(=S)Nc1ccc(N2CCCCCCC2)cc1)c1ccccc1,-5.4043,4.584,0.779,44.37,367.52,2,3,3
CC(=O)c1ccc(C2=C(c3cccc(Cc4ccccc4)c3C)C(=O)c3ccccc3C2=O)cc1,-5.3935,6.778,0.311,51.21,456.54,0,3,5
CCNC(=O)c1cccc(-c2nc(C(N)=O)cc(S(=O)(=O)CCC(=O)Nc3ncncc3C)c2CO)c1,-5.3933,0.99,0.298,194.33,526.58,4,9,10
COc1ccc(C2c3ccc(C(C)=O)cc3CCC2c2ccccc2)cc1,-5.383,5.76,0.556,26.3,356.46,0,2,4
CC(O)(C=Cc1ccc2c(c1)OC(c1ccccc1)=CC2=O)CO,-5.3509,3.217,0.774,70.67,322.36,2,4,4
COc1ccc(C(=O)c2cnc(NCCC(=O)c3cccN(C)c4ccccc34)nn2)cc1,-5.3268,3.529,0.53,97.31,441.49,1,8,8
Nc1ccc(C(=O)CCC(=O)c2cc3ccccc3s2)cc1,-5.3176,4.329,0.563,60.16,309.39,1,4,5
CCCCCCC(CC(=O)c1ccc(OC(C)=O)cc1)Cc1ccc(OCC(=O)Nc2ncccn2)cc1,-5.2474,5.822,0.117,107.48,517.63,1,7,15
CC(=O)c1sc(c2ccccc2)cc1C(=O)OC1CCNCC1,-5.2366,3.527,0.689,55.4,329.42,1,5,4
CC(C)CC(C)C(=O)N1CCC(CNC(=O)c2ccccc2Cl)CC1,-5.1747,3.991,0.829,49.41,364.92,1,2,6
S=C(SCCc1ccccc1)n1ncc2ccccc21,-5.0891,4.145,0.677,17.82,298.44,0,3,3
CNC(=O)C1(Cc2ccccc2)C2OCCCN1C(=O)c1cccc(c1)C(C(=O)N1CCOCC1)c1ccccc12,-5.0436,3.322,0.536,88.18,553.66,1,5,4
Cc1ccc(Cl)c(S(=O)(=O)CC(c2ccc(Cl)cc2Cl)N2CCCC(C)C2)c1,-5.0012,6.202,0.533,37.38,460.85,0,3,5
CCOC(=O)c1cccc(C(CCCNCc2ccccc2Cl)CC(=O)Nc2ccc(C(C)=O)cc2)c1,-4.9985,6.402,0.155,84.5,521.06,2,5,13
COc1ccccc1N1CCN(CCNC(=O)C2(C3CCCCC3C)CCC2)CC1,-4.9931,3.93,0.736,44.81,413.61,1,4,7
COc1ccccc1C(=O)COc1cccc(N(=O)=O)c1,-4.9677,2.865,0.463,78.67,287.27,0,5,6
CC(Cc1ccccc1)c1cccc2c1OC(c1ccccc1)=Nc1cc(C(=O)c3ccccc3)ccc1S2,-4.8739,9.411,0.203,43.1,525.67,0,4,6
CC12CCC3C(CCCC31)N1C(=O)C(=O)C(=O)C(F)=C(C1=O)c1c(C(=O)O)C2CCCc2ccccc21,-4.8673,3.807,0.459,108.82,505.54,1,5,1
Cc1ccccc1C(Oc1ccc(C(=NO)N2CCOCC2)cc1)C(O)CO,-4.8429,1.936,0.304,94.75,386.45,3,6,6
Nc1ccc(C(=O)C=C2SC(=S)c3ccccc32)cc1,-4.7977,3.915,0.395,43.09,297.4,1,4,2
CCCCCCCCCCCCCCC,-4.7681,6.098,0.343,0.0,212.42,0,0,12
NCCCCCCCCCc1cc(C2CCCC2)ccc1Oc1ccc(C(F)(F)F)cc1,-4.7571,8.387,0.332,35.25,447.59,1,2,12
O=C(CSc1ccc(N(=O)=O)cn1)c1ccc(C(F)F)cc1,-4.6806,3.902,0.349,73.1,324.31,0,5,6
CCOCCC(=O)c1c(CCc2ccccc2O)cccc1C(=O)c1ccc(C(C)=O)cc1,-4.6542,5.22,0.324,80.67,444.53,1,5,11
CCCCN(CCCC)c1cc(C(Cl)C(=O)O)cc(OC)c1O,-4.5406,4.172,0.624,70.0,343.85,2,4,10
CCCNC(=O)CN1C(=O)C(Cl)=CN(C(=O)c2ccc(N(=O)=O)cc2)C1=O,-4.4964,0.786,0.568,133.31,394.77,1,6,6
COc1ccc(N2C(=O)C=Cc3ccccc32)cc1,-4.4351,2.999,0.701,31.23,251.29,0,2,2
c1ccc(-c2cccc(CN3CCCN(CCCn4cccn4)CC3)c2)cc1,-4.4036,4.148,0.621,24.3,374.53,0,3,7
C=CCOc1ncccc1C=NN=C(c1ccccc1)N(C)C,-4.359,2.989,0.357,50.08,308.39,0,4,6
COc1ccc(S(=O)(=O)C23CC(=O)CC2CC(=O)C3=O)cc1OC,-4.3579,0.737,0.736,103.81,352.36,0,7,4
CCCCCCCCCCCC=CCC1Nc2ccc(C(F)(F)F)cc2C2OC3OC=CC3(OC)C12,-4.3454,8.309,0.215,39.72,507.64,1,4,13
COc1cc(C=Cc2ccccc2)cc(OC)c1N,-4.3402,3.456,0.672,44.48,255.32,1,3,4
COc1ccc(C=CCC(O)CC(Cc2ccccc2)c2ccccc2)cc1,-4.3144,5.876,0.508,29.46,372.51,1,2,9
CC1=CC2(COc3ccc(CF)cc3)C(C)C2OC1,-4.3096,3.516,0.773,18.46,262.32,0,2,4
COc1ccc(N=C2NCCCc3ccccc32)cc1,-4.2713,3.309,0.904,33.62,266.34,1,2,2
O=C1NC(c2ccc3sccc3c2)=NC(=S)N1c1ccccc1,-4.2404,4.172,0.559,50.68,337.43,1,4,2
COc1ccc(C2=C(SCc3ccccc3)C(=O)c3ccccc3C2=O)cc1,-4.2269,5.419,0.587,43.37,386.47,0,4,5
CC1CCC(c2cnc(NC(=O)c3ccccc3)nc2)C(=CCN)C1=O,-4.1824,2.697,0.826,97.97,350.42,2,5,4
CC(C)CCCC(=O)CCC(=O)NCCc1c[nH]cn1,-4.0922,2.244,0.689,74.85,279.38,2,3,10
CC(=O)c1ccccc1CC(=O)c1cccc(C=O)c1O,-4.0785,2.833,0.676,71.44,282.29,1,4,5
COc1ccc(C2CCOCC2N=Cc2ccc(Br)cc2)cc1,-3.9562,4.449,0.741,30.82,374.28,0,3,4
O=C(O)c1ccc(C2=Nc3ccccc3C(=O)O2)cc1,-3.9458,2.553,0.771,80.4,267.24,1,4,2
C=C1C(=O)C(CF)C(c2cc(C#N)ccc2Cl)S(=O)(=O)CC(c2ccc(OC)cc2)C1C(=O)C=CCC,-3.8462,5.336,0.437,101.3,544.04,0,6,7
CCCCCCCCCCCC,-3.7795,4.927,0.43,0.0,170.34,0,0,9
O=C1c2ccccc2Cc2ccccc21,-3.734,2.822,0.537,17.07,194.23,0,1,0
COc1ccc(C2=Nc3ccccc3C(=O)O2)cc1,-3.7092,2.864,0.704,52.33,253.26,0,4,2
O=C(CNC1C(=O)C(CO)=Nc2ccccc21)c1ccccc1,-3.6538,1.848,0.826,78.76,308.34,2,5,5
CN(C)CCCC(=O)N1CCC(c2cccs2)CC1,-3.6305,2.796,0.828,23.55,280.44,0,3,5
COc1ccc(C2=[SH]c3ccccc3C(=O)C2=NO)cc1F,-3.6207,2.906,0.387,58.89,317.34,2,4,2
COc1ccc(C(=O)CSC=C(Cl)Cl)cc1,-3.6109,3.888,0.764,26.3,277.17,0,3,5
COc1c(C)c(-c2cccc3ccccc23)cc(C)c1C(=O)C(C)CCC(=O)NO,-3.6065,5.237,0.32,75.63,405.49,2,4,7
COC(=O)C1=C2c3ccccc3C(=O)NN2c2ccccc2C1=O,-3.5418,2.081,0.43,80.64,320.3,1,4,1
COc1ccc(COc2ccccc2)cc1,-3.4674,3.274,0.777,18.46,214.26,0,2,4
Cc1ccc(S(=O)(=O)CC(=O)N2CCNC2=O)cc1,-3.2743,0.321,0.865,83.55,282.32,1,4,3
C=NCCN1c2ccccc2C(=O)c2ccccc21,-3.2581,2.855,0.52,34.36,250.3,0,2,3
c1ccc(CCCc2ccccc2)cc1,-3.1821,3.862,0.696,0.0,196.29,0,0,4
CC1CCN(C2CCOc3ccccc32)CC1,-2.6219,3.242,0.735,12.47,231.34,0,2,1
NC(CCc1ccccc1)C(=O)NO,-2.5047,0.452,0.481,75.35,194.23,3,3,4
OC1CCC(C2COc3ccccc32)NC1,-2.3171,1.275,0.747,41.49,219.28,2,3,1
CC(=O)N1CCCC2c3ccccc3CCC21,-2.2013,2.727,0.67,20.31,229.32,0,1,0
Cc1ccccc1N1CCNC1=S,-2.1503,1.69,0.682,15.27,192.29,1,1,1
CCCc1cccc(CC)c1,-2.1225,3.202,0.617,0.0,148.25,0,0,3
CC1(C)CC(=O)CCCS1,-1.9929,2.251,0.538,17.07,158.27,0,2,0
C1CCc2nc3c(nc2C1)CCC3,-1.9144,1.844,0.6,25.78,174.25,0,2,0
COc1ccc2c(c1)C=CC(=O)N2,-1.8393,1.537,0.714,42.09,175.19,1,2,1
NCCCC=CCCCCC(=O)O,-1.8114,1.927,0.448,63.32,185.27,2,2,8
CC(=O)CCC=C(C)C,-1.537,2.322,0.53,17.07,126.2,0,1,3
COc1ccccc1,-1.2225,1.695,0.532,9.23,108.14,0,1,1
O=C(O)C1CCCC1=O,-1.2125,0.44,0.521,54.37,128.13,1,2,1
CNC(=O)c1ccc(F)cc1,-1.1642,1.185,0.645,29.1,153.16,1,1,1
Cc1ccccc1C,-1.0955,2.303,0.476,0.0,106.17,0,0,0
COc1ccccc1F,-1.0728,1.834,0.557,9.23,126.13,0,1,1
Nc1ncccn1,-0.9851,0.059,0.495,51.8,95.1,1,3,0
C,-0.8627,0.636,0.36,0.0,16.04,0,0,0
CCC(O)CCC(=O)O,-0.6756,0.622,0.589,57.53,132.16,2,2,4
